name;offset;size;description;bitfield
pmc;0;20064;;0
.hdr.version;0;32;;0
.revision;0;8;;1
..header_type;8;4;;1
..product_id;12;12;;1
..record_type;24;6;;1
..cldic;30;1;;1
..consumed;31;1;;1
...record_size;32;32;;0
..timestamp;64;64;;0
.low;64;32;;1
..high;96;32;;1
...fw_version;128;32;;0
..reason;160;32;;0
..completion_status;192;32;;0
.completion_bit0;192;1;;1
..completion_bit1;193;1;;1
..completion_bit2;194;1;;1
..completion_bit3;195;1;;1
..completion_bit4;196;1;;1
..completion_bit5;197;1;;1
..completion_bit6;198;1;;1
..completion_bit7;199;1;;1
..completion_bit8;200;1;;1
..completion_bit9;201;1;;1
..completion_bit10;202;1;;1
..completion_bit11;203;1;;1
..completion_bit12;204;1;;1
..completion_bit13;205;1;;1
..record_completed;223;1;;1
....pcie0.port0.cfg.aecc;2472;16;;0
.fep;2472;5;;1
..egc;2477;1;;1
..ege;2478;1;;1
..ecc;2479;1;;1
..ece;2480;1;;1
..tlpplp;2483;1;;1
..ctphlc;2484;1;;1
...bwchgdbug;2488;32;;0
.lwcc;2488;8;;1
..lscc;2496;8;;1
..lwmc;2504;8;;1
..lsmc;2512;8;;1
...ces;2520;16;;0
.re;2520;1;;1
..bt;2526;1;;1
..bd;2527;1;;1
..rnr;2528;1;;1
..rtt;2532;1;;1
..anfes;2533;1;;1
..cies;2534;1;;1
..hlos;2535;1;;1
...dpcsr;2552;16;;0
.dpcts;2552;1;;1
..dpctr;2553;2;;1
..dpcis;2555;1;;1
..dpcrpb;2556;1;;1
..dpcte;2557;2;;1
..rppiofep;2560;5;;1
...esid;2568;32;;0
.ecsid;2568;16;;1
..efnfsid;2584;16;;1
...hl_dw1;2600;32;;0
.dw1;2600;32;;1
...hl_dw2;2632;32;;0
.dw2;2632;32;;1
...hl_dw3;2664;32;;0
.dw3;2664;32;;1
...hl_dw4;2696;32;;0
.dw4;2696;32;;1
...lnkdbug;2728;24;;0
.rrdnc;2728;4;;1
..rdirc;2732;4;;1
..rtlpcrcec;2736;4;;1
..nrtlpc;2740;4;;1
..lwcf;2744;2;;1
..scf;2746;2;;1
..ltf;2748;2;;1
...pciealc;2752;32;;0
.g3skposl;2752;9;;1
..acknakgh;2761;1;;1
..lpadllpgd;2762;1;;1
..clg3fe;2768;4;;1
..pdsp;2772;1;;1
..rtd3pdsp;2773;1;;1
..rrptlpc;2774;1;;1
..ssrrs;2775;1;;1
..ssrld;2776;1;;1
..blkdqdasd;2777;1;;1
..blkdqda;2778;1;;1
..blkpapc;2779;1;;1
..illrcld;2780;1;;1
..itlrcld;2781;1;;1
..dpchserm;2782;1;;1
..cssaif;2783;1;;1
...recdbug;2784;32;;0
.cree0;2784;4;;1
..cree1;2788;4;;1
..cree2;2792;4;;1
..cree3;2796;4;;1
..cree4;2800;4;;1
..cree5;2804;4;;1
..cree6;2808;4;;1
..cree7;2812;4;;1
...res;2816;16;;0
.cr;2816;1;;1
..mcr;2817;1;;1
..enr;2818;1;;1
..menr;2819;1;;1
..fuf;2820;1;;1
..nfemr;2821;1;;1
..femr;2822;1;;1
..aemn;2827;5;;1
...rppiosr;2832;24;;0
.curcs;2832;1;;1
..ccacs;2833;1;;1
..ccts;2834;1;;1
..iourcs;2840;1;;1
..iocacs;2841;1;;1
..iocts;2842;1;;1
..murcs;2848;1;;1
..mcacs;2849;1;;1
..mcts;2850;1;;1
...tlppl1;2856;32;;0
.dw1;2856;32;;1
...tlppl2;2888;32;;0
.dw2;2888;32;;1
...tlppl3;2920;32;;0
.dw3;2920;32;;1
...tlppl4;2952;32;;0
.dw4;2952;32;;1
...ues;2984;32;;0
.te;2984;1;;1
..dlpe;2988;1;;1
..sde;2989;1;;1
..pt;2996;1;;1
..fcpe;2997;1;;1
..ct;2998;1;;1
..ca;2999;1;;1
..uc;3000;1;;1
..ro;3001;1;;1
..mt;3002;1;;1
..ee;3003;1;;1
..ure;3004;1;;1
..avs;3005;1;;1
..uies;3006;1;;1
..mcbtlps;3007;1;;1
..aebs;3008;1;;1
..tlppbes;3009;1;;1
..ptlpebs;3010;1;;1
...pciests1;3016;32;;0
..pciests2;3048;32;;0
....port1.cfg.aecc;3080;16;;0
.fep;3080;5;;1
..egc;3085;1;;1
..ege;3086;1;;1
..ecc;3087;1;;1
..ece;3088;1;;1
..tlpplp;3091;1;;1
..ctphlc;3092;1;;1
...bwchgdbug;3096;32;;0
.lwcc;3096;8;;1
..lscc;3104;8;;1
..lwmc;3112;8;;1
..lsmc;3120;8;;1
...ces;3128;16;;0
.re;3128;1;;1
..bt;3134;1;;1
..bd;3135;1;;1
..rnr;3136;1;;1
..rtt;3140;1;;1
..anfes;3141;1;;1
..cies;3142;1;;1
..hlos;3143;1;;1
...dpcsr;3160;16;;0
.dpcts;3160;1;;1
..dpctr;3161;2;;1
..dpcis;3163;1;;1
..dpcrpb;3164;1;;1
..dpcte;3165;2;;1
..rppiofep;3168;5;;1
...esid;3176;32;;0
.ecsid;3176;16;;1
..efnfsid;3192;16;;1
...hl_dw1;3208;32;;0
.dw1;3208;32;;1
...hl_dw2;3240;32;;0
.dw2;3240;32;;1
...hl_dw3;3272;32;;0
.dw3;3272;32;;1
...hl_dw4;3304;32;;0
.dw4;3304;32;;1
...lnkdbug;3336;24;;0
.rrdnc;3336;4;;1
..rdirc;3340;4;;1
..rtlpcrcec;3344;4;;1
..nrtlpc;3348;4;;1
..lwcf;3352;2;;1
..scf;3354;2;;1
..ltf;3356;2;;1
...pciealc;3360;32;;0
.g3skposl;3360;9;;1
..acknakgh;3369;1;;1
..lpadllpgd;3370;1;;1
..clg3fe;3376;4;;1
..pdsp;3380;1;;1
..rtd3pdsp;3381;1;;1
..rrptlpc;3382;1;;1
..ssrrs;3383;1;;1
..ssrld;3384;1;;1
..blkdqdasd;3385;1;;1
..blkdqda;3386;1;;1
..blkpapc;3387;1;;1
..illrcld;3388;1;;1
..itlrcld;3389;1;;1
..dpchserm;3390;1;;1
..cssaif;3391;1;;1
...recdbug;3392;32;;0
.cree0;3392;4;;1
..cree1;3396;4;;1
..cree2;3400;4;;1
..cree3;3404;4;;1
..cree4;3408;4;;1
..cree5;3412;4;;1
..cree6;3416;4;;1
..cree7;3420;4;;1
...res;3424;16;;0
.cr;3424;1;;1
..mcr;3425;1;;1
..enr;3426;1;;1
..menr;3427;1;;1
..fuf;3428;1;;1
..nfemr;3429;1;;1
..femr;3430;1;;1
..aemn;3435;5;;1
...rppiosr;3440;24;;0
.curcs;3440;1;;1
..ccacs;3441;1;;1
..ccts;3442;1;;1
..iourcs;3448;1;;1
..iocacs;3449;1;;1
..iocts;3450;1;;1
..murcs;3456;1;;1
..mcacs;3457;1;;1
..mcts;3458;1;;1
...tlppl1;3464;32;;0
.dw1;3464;32;;1
...tlppl2;3496;32;;0
.dw2;3496;32;;1
...tlppl3;3528;32;;0
.dw3;3528;32;;1
...tlppl4;3560;32;;0
.dw4;3560;32;;1
...ues;3592;32;;0
.te;3592;1;;1
..dlpe;3596;1;;1
..sde;3597;1;;1
..pt;3604;1;;1
..fcpe;3605;1;;1
..ct;3606;1;;1
..ca;3607;1;;1
..uc;3608;1;;1
..ro;3609;1;;1
..mt;3610;1;;1
..ee;3611;1;;1
..ure;3612;1;;1
..avs;3613;1;;1
..uies;3614;1;;1
..mcbtlps;3615;1;;1
..aebs;3616;1;;1
..tlppbes;3617;1;;1
..ptlpebs;3618;1;;1
...pciests1;3624;32;;0
..pciests2;3656;32;;0
....port2.cfg.aecc;3688;16;;0
.fep;3688;5;;1
..egc;3693;1;;1
..ege;3694;1;;1
..ecc;3695;1;;1
..ece;3696;1;;1
..tlpplp;3699;1;;1
..ctphlc;3700;1;;1
...bwchgdbug;3704;32;;0
.lwcc;3704;8;;1
..lscc;3712;8;;1
..lwmc;3720;8;;1
..lsmc;3728;8;;1
...ces;3736;16;;0
.re;3736;1;;1
..bt;3742;1;;1
..bd;3743;1;;1
..rnr;3744;1;;1
..rtt;3748;1;;1
..anfes;3749;1;;1
..cies;3750;1;;1
..hlos;3751;1;;1
...dpcsr;3768;16;;0
.dpcts;3768;1;;1
..dpctr;3769;2;;1
..dpcis;3771;1;;1
..dpcrpb;3772;1;;1
..dpcte;3773;2;;1
..rppiofep;3776;5;;1
...esid;3784;32;;0
.ecsid;3784;16;;1
..efnfsid;3800;16;;1
...hl_dw1;3816;32;;0
.dw1;3816;32;;1
...hl_dw2;3848;32;;0
.dw2;3848;32;;1
...hl_dw3;3880;32;;0
.dw3;3880;32;;1
...hl_dw4;3912;32;;0
.dw4;3912;32;;1
...lnkdbug;3944;24;;0
.rrdnc;3944;4;;1
..rdirc;3948;4;;1
..rtlpcrcec;3952;4;;1
..nrtlpc;3956;4;;1
..lwcf;3960;2;;1
..scf;3962;2;;1
..ltf;3964;2;;1
...pciealc;3968;32;;0
.g3skposl;3968;9;;1
..acknakgh;3977;1;;1
..lpadllpgd;3978;1;;1
..clg3fe;3984;4;;1
..pdsp;3988;1;;1
..rtd3pdsp;3989;1;;1
..rrptlpc;3990;1;;1
..ssrrs;3991;1;;1
..ssrld;3992;1;;1
..blkdqdasd;3993;1;;1
..blkdqda;3994;1;;1
..blkpapc;3995;1;;1
..illrcld;3996;1;;1
..itlrcld;3997;1;;1
..dpchserm;3998;1;;1
..cssaif;3999;1;;1
...recdbug;4000;32;;0
.cree0;4000;4;;1
..cree1;4004;4;;1
..cree2;4008;4;;1
..cree3;4012;4;;1
..cree4;4016;4;;1
..cree5;4020;4;;1
..cree6;4024;4;;1
..cree7;4028;4;;1
...res;4032;16;;0
.cr;4032;1;;1
..mcr;4033;1;;1
..enr;4034;1;;1
..menr;4035;1;;1
..fuf;4036;1;;1
..nfemr;4037;1;;1
..femr;4038;1;;1
..aemn;4043;5;;1
...rppiosr;4048;24;;0
.curcs;4048;1;;1
..ccacs;4049;1;;1
..ccts;4050;1;;1
..iourcs;4056;1;;1
..iocacs;4057;1;;1
..iocts;4058;1;;1
..murcs;4064;1;;1
..mcacs;4065;1;;1
..mcts;4066;1;;1
...tlppl1;4072;32;;0
.dw1;4072;32;;1
...tlppl2;4104;32;;0
.dw2;4104;32;;1
...tlppl3;4136;32;;0
.dw3;4136;32;;1
...tlppl4;4168;32;;0
.dw4;4168;32;;1
...ues;4200;32;;0
.te;4200;1;;1
..dlpe;4204;1;;1
..sde;4205;1;;1
..pt;4212;1;;1
..fcpe;4213;1;;1
..ct;4214;1;;1
..ca;4215;1;;1
..uc;4216;1;;1
..ro;4217;1;;1
..mt;4218;1;;1
..ee;4219;1;;1
..ure;4220;1;;1
..avs;4221;1;;1
..uies;4222;1;;1
..mcbtlps;4223;1;;1
..aebs;4224;1;;1
..tlppbes;4225;1;;1
..ptlpebs;4226;1;;1
...pciests1;4232;32;;0
..pciests2;4264;32;;0
....port3.cfg.aecc;4296;16;;0
.fep;4296;5;;1
..egc;4301;1;;1
..ege;4302;1;;1
..ecc;4303;1;;1
..ece;4304;1;;1
..tlpplp;4307;1;;1
..ctphlc;4308;1;;1
...bwchgdbug;4312;32;;0
.lwcc;4312;8;;1
..lscc;4320;8;;1
..lwmc;4328;8;;1
..lsmc;4336;8;;1
...ces;4344;16;;0
.re;4344;1;;1
..bt;4350;1;;1
..bd;4351;1;;1
..rnr;4352;1;;1
..rtt;4356;1;;1
..anfes;4357;1;;1
..cies;4358;1;;1
..hlos;4359;1;;1
...dpcsr;4376;16;;0
.dpcts;4376;1;;1
..dpctr;4377;2;;1
..dpcis;4379;1;;1
..dpcrpb;4380;1;;1
..dpcte;4381;2;;1
..rppiofep;4384;5;;1
...esid;4392;32;;0
.ecsid;4392;16;;1
..efnfsid;4408;16;;1
...hl_dw1;4424;32;;0
.dw1;4424;32;;1
...hl_dw2;4456;32;;0
.dw2;4456;32;;1
...hl_dw3;4488;32;;0
.dw3;4488;32;;1
...hl_dw4;4520;32;;0
.dw4;4520;32;;1
...lnkdbug;4552;24;;0
.rrdnc;4552;4;;1
..rdirc;4556;4;;1
..rtlpcrcec;4560;4;;1
..nrtlpc;4564;4;;1
..lwcf;4568;2;;1
..scf;4570;2;;1
..ltf;4572;2;;1
...pciealc;4576;32;;0
.g3skposl;4576;9;;1
..acknakgh;4585;1;;1
..lpadllpgd;4586;1;;1
..clg3fe;4592;4;;1
..pdsp;4596;1;;1
..rtd3pdsp;4597;1;;1
..rrptlpc;4598;1;;1
..ssrrs;4599;1;;1
..ssrld;4600;1;;1
..blkdqdasd;4601;1;;1
..blkdqda;4602;1;;1
..blkpapc;4603;1;;1
..illrcld;4604;1;;1
..itlrcld;4605;1;;1
..dpchserm;4606;1;;1
..cssaif;4607;1;;1
...recdbug;4608;32;;0
.cree0;4608;4;;1
..cree1;4612;4;;1
..cree2;4616;4;;1
..cree3;4620;4;;1
..cree4;4624;4;;1
..cree5;4628;4;;1
..cree6;4632;4;;1
..cree7;4636;4;;1
...res;4640;16;;0
.cr;4640;1;;1
..mcr;4641;1;;1
..enr;4642;1;;1
..menr;4643;1;;1
..fuf;4644;1;;1
..nfemr;4645;1;;1
..femr;4646;1;;1
..aemn;4651;5;;1
...rppiosr;4656;24;;0
.curcs;4656;1;;1
..ccacs;4657;1;;1
..ccts;4658;1;;1
..iourcs;4664;1;;1
..iocacs;4665;1;;1
..iocts;4666;1;;1
..murcs;4672;1;;1
..mcacs;4673;1;;1
..mcts;4674;1;;1
...tlppl1;4680;32;;0
.dw1;4680;32;;1
...tlppl2;4712;32;;0
.dw2;4712;32;;1
...tlppl3;4744;32;;0
.dw3;4744;32;;1
...tlppl4;4776;32;;0
.dw4;4776;32;;1
...ues;4808;32;;0
.te;4808;1;;1
..dlpe;4812;1;;1
..sde;4813;1;;1
..pt;4820;1;;1
..fcpe;4821;1;;1
..ct;4822;1;;1
..ca;4823;1;;1
..uc;4824;1;;1
..ro;4825;1;;1
..mt;4826;1;;1
..ee;4827;1;;1
..ure;4828;1;;1
..avs;4829;1;;1
..uies;4830;1;;1
..mcbtlps;4831;1;;1
..aebs;4832;1;;1
..tlppbes;4833;1;;1
..ptlpebs;4834;1;;1
...pciests1;4840;32;;0
..pciests2;4872;32;;0
....completion_bit2;194;1;;0
...pcie1.port0.cfg.aecc;4904;16;;0
.fep;4904;5;;1
..egc;4909;1;;1
..ege;4910;1;;1
..ecc;4911;1;;1
..ece;4912;1;;1
..tlpplp;4915;1;;1
..ctphlc;4916;1;;1
...bwchgdbug;4920;32;;0
.lwcc;4920;8;;1
..lscc;4928;8;;1
..lwmc;4936;8;;1
..lsmc;4944;8;;1
...ces;4952;16;;0
.re;4952;1;;1
..bt;4958;1;;1
..bd;4959;1;;1
..rnr;4960;1;;1
..rtt;4964;1;;1
..anfes;4965;1;;1
..cies;4966;1;;1
..hlos;4967;1;;1
...dpcsr;4984;16;;0
.dpcts;4984;1;;1
..dpctr;4985;2;;1
..dpcis;4987;1;;1
..dpcrpb;4988;1;;1
..dpcte;4989;2;;1
..rppiofep;4992;5;;1
...esid;5000;32;;0
.ecsid;5000;16;;1
..efnfsid;5016;16;;1
...hl_dw1;5032;32;;0
.dw1;5032;32;;1
...hl_dw2;5064;32;;0
.dw2;5064;32;;1
...hl_dw3;5096;32;;0
.dw3;5096;32;;1
...hl_dw4;5128;32;;0
.dw4;5128;32;;1
...lnkdbug;5160;24;;0
.rrdnc;5160;4;;1
..rdirc;5164;4;;1
..rtlpcrcec;5168;4;;1
..nrtlpc;5172;4;;1
..lwcf;5176;2;;1
..scf;5178;2;;1
..ltf;5180;2;;1
...pciealc;5184;32;;0
.g3skposl;5184;9;;1
..acknakgh;5193;1;;1
..lpadllpgd;5194;1;;1
..clg3fe;5200;4;;1
..pdsp;5204;1;;1
..rtd3pdsp;5205;1;;1
..rrptlpc;5206;1;;1
..ssrrs;5207;1;;1
..ssrld;5208;1;;1
..blkdqdasd;5209;1;;1
..blkdqda;5210;1;;1
..blkpapc;5211;1;;1
..illrcld;5212;1;;1
..itlrcld;5213;1;;1
..dpchserm;5214;1;;1
..cssaif;5215;1;;1
...recdbug;5216;32;;0
.cree0;5216;4;;1
..cree1;5220;4;;1
..cree2;5224;4;;1
..cree3;5228;4;;1
..cree4;5232;4;;1
..cree5;5236;4;;1
..cree6;5240;4;;1
..cree7;5244;4;;1
...res;5248;16;;0
.cr;5248;1;;1
..mcr;5249;1;;1
..enr;5250;1;;1
..menr;5251;1;;1
..fuf;5252;1;;1
..nfemr;5253;1;;1
..femr;5254;1;;1
..aemn;5259;5;;1
...rppiosr;5264;24;;0
.curcs;5264;1;;1
..ccacs;5265;1;;1
..ccts;5266;1;;1
..iourcs;5272;1;;1
..iocacs;5273;1;;1
..iocts;5274;1;;1
..murcs;5280;1;;1
..mcacs;5281;1;;1
..mcts;5282;1;;1
...tlppl1;5288;32;;0
.dw1;5288;32;;1
...tlppl2;5320;32;;0
.dw2;5320;32;;1
...tlppl3;5352;32;;0
.dw3;5352;32;;1
...tlppl4;5384;32;;0
.dw4;5384;32;;1
...ues;5416;32;;0
.te;5416;1;;1
..dlpe;5420;1;;1
..sde;5421;1;;1
..pt;5428;1;;1
..fcpe;5429;1;;1
..ct;5430;1;;1
..ca;5431;1;;1
..uc;5432;1;;1
..ro;5433;1;;1
..mt;5434;1;;1
..ee;5435;1;;1
..ure;5436;1;;1
..avs;5437;1;;1
..uies;5438;1;;1
..mcbtlps;5439;1;;1
..aebs;5440;1;;1
..tlppbes;5441;1;;1
..ptlpebs;5442;1;;1
...pciests1;5448;32;;0
..pciests2;5480;32;;0
....port1.cfg.aecc;5512;16;;0
.fep;5512;5;;1
..egc;5517;1;;1
..ege;5518;1;;1
..ecc;5519;1;;1
..ece;5520;1;;1
..tlpplp;5523;1;;1
..ctphlc;5524;1;;1
...bwchgdbug;5528;32;;0
.lwcc;5528;8;;1
..lscc;5536;8;;1
..lwmc;5544;8;;1
..lsmc;5552;8;;1
...ces;5560;16;;0
.re;5560;1;;1
..bt;5566;1;;1
..bd;5567;1;;1
..rnr;5568;1;;1
..rtt;5572;1;;1
..anfes;5573;1;;1
..cies;5574;1;;1
..hlos;5575;1;;1
...dpcsr;5592;16;;0
.dpcts;5592;1;;1
..dpctr;5593;2;;1
..dpcis;5595;1;;1
..dpcrpb;5596;1;;1
..dpcte;5597;2;;1
..rppiofep;5600;5;;1
...esid;5608;32;;0
.ecsid;5608;16;;1
..efnfsid;5624;16;;1
...hl_dw1;5640;32;;0
.dw1;5640;32;;1
...hl_dw2;5672;32;;0
.dw2;5672;32;;1
...hl_dw3;5704;32;;0
.dw3;5704;32;;1
...hl_dw4;5736;32;;0
.dw4;5736;32;;1
...lnkdbug;5768;24;;0
.rrdnc;5768;4;;1
..rdirc;5772;4;;1
..rtlpcrcec;5776;4;;1
..nrtlpc;5780;4;;1
..lwcf;5784;2;;1
..scf;5786;2;;1
..ltf;5788;2;;1
...pciealc;5792;32;;0
.g3skposl;5792;9;;1
..acknakgh;5801;1;;1
..lpadllpgd;5802;1;;1
..clg3fe;5808;4;;1
..pdsp;5812;1;;1
..rtd3pdsp;5813;1;;1
..rrptlpc;5814;1;;1
..ssrrs;5815;1;;1
..ssrld;5816;1;;1
..blkdqdasd;5817;1;;1
..blkdqda;5818;1;;1
..blkpapc;5819;1;;1
..illrcld;5820;1;;1
..itlrcld;5821;1;;1
..dpchserm;5822;1;;1
..cssaif;5823;1;;1
...recdbug;5824;32;;0
.cree0;5824;4;;1
..cree1;5828;4;;1
..cree2;5832;4;;1
..cree3;5836;4;;1
..cree4;5840;4;;1
..cree5;5844;4;;1
..cree6;5848;4;;1
..cree7;5852;4;;1
...res;5856;16;;0
.cr;5856;1;;1
..mcr;5857;1;;1
..enr;5858;1;;1
..menr;5859;1;;1
..fuf;5860;1;;1
..nfemr;5861;1;;1
..femr;5862;1;;1
..aemn;5867;5;;1
...rppiosr;5872;24;;0
.curcs;5872;1;;1
..ccacs;5873;1;;1
..ccts;5874;1;;1
..iourcs;5880;1;;1
..iocacs;5881;1;;1
..iocts;5882;1;;1
..murcs;5888;1;;1
..mcacs;5889;1;;1
..mcts;5890;1;;1
...tlppl1;5896;32;;0
.dw1;5896;32;;1
...tlppl2;5928;32;;0
.dw2;5928;32;;1
...tlppl3;5960;32;;0
.dw3;5960;32;;1
...tlppl4;5992;32;;0
.dw4;5992;32;;1
...ues;6024;32;;0
.te;6024;1;;1
..dlpe;6028;1;;1
..sde;6029;1;;1
..pt;6036;1;;1
..fcpe;6037;1;;1
..ct;6038;1;;1
..ca;6039;1;;1
..uc;6040;1;;1
..ro;6041;1;;1
..mt;6042;1;;1
..ee;6043;1;;1
..ure;6044;1;;1
..avs;6045;1;;1
..uies;6046;1;;1
..mcbtlps;6047;1;;1
..aebs;6048;1;;1
..tlppbes;6049;1;;1
..ptlpebs;6050;1;;1
...pciests1;6056;32;;0
..pciests2;6088;32;;0
....port2.cfg.aecc;6120;16;;0
.fep;6120;5;;1
..egc;6125;1;;1
..ege;6126;1;;1
..ecc;6127;1;;1
..ece;6128;1;;1
..tlpplp;6131;1;;1
..ctphlc;6132;1;;1
...bwchgdbug;6136;32;;0
.lwcc;6136;8;;1
..lscc;6144;8;;1
..lwmc;6152;8;;1
..lsmc;6160;8;;1
...ces;6168;16;;0
.re;6168;1;;1
..bt;6174;1;;1
..bd;6175;1;;1
..rnr;6176;1;;1
..rtt;6180;1;;1
..anfes;6181;1;;1
..cies;6182;1;;1
..hlos;6183;1;;1
...dpcsr;6200;16;;0
.dpcts;6200;1;;1
..dpctr;6201;2;;1
..dpcis;6203;1;;1
..dpcrpb;6204;1;;1
..dpcte;6205;2;;1
..rppiofep;6208;5;;1
...esid;6216;32;;0
.ecsid;6216;16;;1
..efnfsid;6232;16;;1
...hl_dw1;6248;32;;0
.dw1;6248;32;;1
...hl_dw2;6280;32;;0
.dw2;6280;32;;1
...hl_dw3;6312;32;;0
.dw3;6312;32;;1
...hl_dw4;6344;32;;0
.dw4;6344;32;;1
...lnkdbug;6376;24;;0
.rrdnc;6376;4;;1
..rdirc;6380;4;;1
..rtlpcrcec;6384;4;;1
..nrtlpc;6388;4;;1
..lwcf;6392;2;;1
..scf;6394;2;;1
..ltf;6396;2;;1
...pciealc;6400;32;;0
.g3skposl;6400;9;;1
..acknakgh;6409;1;;1
..lpadllpgd;6410;1;;1
..clg3fe;6416;4;;1
..pdsp;6420;1;;1
..rtd3pdsp;6421;1;;1
..rrptlpc;6422;1;;1
..ssrrs;6423;1;;1
..ssrld;6424;1;;1
..blkdqdasd;6425;1;;1
..blkdqda;6426;1;;1
..blkpapc;6427;1;;1
..illrcld;6428;1;;1
..itlrcld;6429;1;;1
..dpchserm;6430;1;;1
..cssaif;6431;1;;1
...recdbug;6432;32;;0
.cree0;6432;4;;1
..cree1;6436;4;;1
..cree2;6440;4;;1
..cree3;6444;4;;1
..cree4;6448;4;;1
..cree5;6452;4;;1
..cree6;6456;4;;1
..cree7;6460;4;;1
...res;6464;16;;0
.cr;6464;1;;1
..mcr;6465;1;;1
..enr;6466;1;;1
..menr;6467;1;;1
..fuf;6468;1;;1
..nfemr;6469;1;;1
..femr;6470;1;;1
..aemn;6475;5;;1
...rppiosr;6480;24;;0
.curcs;6480;1;;1
..ccacs;6481;1;;1
..ccts;6482;1;;1
..iourcs;6488;1;;1
..iocacs;6489;1;;1
..iocts;6490;1;;1
..murcs;6496;1;;1
..mcacs;6497;1;;1
..mcts;6498;1;;1
...tlppl1;6504;32;;0
.dw1;6504;32;;1
...tlppl2;6536;32;;0
.dw2;6536;32;;1
...tlppl3;6568;32;;0
.dw3;6568;32;;1
...tlppl4;6600;32;;0
.dw4;6600;32;;1
...ues;6632;32;;0
.te;6632;1;;1
..dlpe;6636;1;;1
..sde;6637;1;;1
..pt;6644;1;;1
..fcpe;6645;1;;1
..ct;6646;1;;1
..ca;6647;1;;1
..uc;6648;1;;1
..ro;6649;1;;1
..mt;6650;1;;1
..ee;6651;1;;1
..ure;6652;1;;1
..avs;6653;1;;1
..uies;6654;1;;1
..mcbtlps;6655;1;;1
..aebs;6656;1;;1
..tlppbes;6657;1;;1
..ptlpebs;6658;1;;1
...pciests1;6664;32;;0
..pciests2;6696;32;;0
....port3.cfg.aecc;6728;16;;0
.fep;6728;5;;1
..egc;6733;1;;1
..ege;6734;1;;1
..ecc;6735;1;;1
..ece;6736;1;;1
..tlpplp;6739;1;;1
..ctphlc;6740;1;;1
...bwchgdbug;6744;32;;0
.lwcc;6744;8;;1
..lscc;6752;8;;1
..lwmc;6760;8;;1
..lsmc;6768;8;;1
...ces;6776;16;;0
.re;6776;1;;1
..bt;6782;1;;1
..bd;6783;1;;1
..rnr;6784;1;;1
..rtt;6788;1;;1
..anfes;6789;1;;1
..cies;6790;1;;1
..hlos;6791;1;;1
...dpcsr;6808;16;;0
.dpcts;6808;1;;1
..dpctr;6809;2;;1
..dpcis;6811;1;;1
..dpcrpb;6812;1;;1
..dpcte;6813;2;;1
..rppiofep;6816;5;;1
...esid;6824;32;;0
.ecsid;6824;16;;1
..efnfsid;6840;16;;1
...hl_dw1;6856;32;;0
.dw1;6856;32;;1
...hl_dw2;6888;32;;0
.dw2;6888;32;;1
...hl_dw3;6920;32;;0
.dw3;6920;32;;1
...hl_dw4;6952;32;;0
.dw4;6952;32;;1
...lnkdbug;6984;24;;0
.rrdnc;6984;4;;1
..rdirc;6988;4;;1
..rtlpcrcec;6992;4;;1
..nrtlpc;6996;4;;1
..lwcf;7000;2;;1
..scf;7002;2;;1
..ltf;7004;2;;1
...pciealc;7008;32;;0
.g3skposl;7008;9;;1
..acknakgh;7017;1;;1
..lpadllpgd;7018;1;;1
..clg3fe;7024;4;;1
..pdsp;7028;1;;1
..rtd3pdsp;7029;1;;1
..rrptlpc;7030;1;;1
..ssrrs;7031;1;;1
..ssrld;7032;1;;1
..blkdqdasd;7033;1;;1
..blkdqda;7034;1;;1
..blkpapc;7035;1;;1
..illrcld;7036;1;;1
..itlrcld;7037;1;;1
..dpchserm;7038;1;;1
..cssaif;7039;1;;1
...recdbug;7040;32;;0
.cree0;7040;4;;1
..cree1;7044;4;;1
..cree2;7048;4;;1
..cree3;7052;4;;1
..cree4;7056;4;;1
..cree5;7060;4;;1
..cree6;7064;4;;1
..cree7;7068;4;;1
...res;7072;16;;0
.cr;7072;1;;1
..mcr;7073;1;;1
..enr;7074;1;;1
..menr;7075;1;;1
..fuf;7076;1;;1
..nfemr;7077;1;;1
..femr;7078;1;;1
..aemn;7083;5;;1
...rppiosr;7088;24;;0
.curcs;7088;1;;1
..ccacs;7089;1;;1
..ccts;7090;1;;1
..iourcs;7096;1;;1
..iocacs;7097;1;;1
..iocts;7098;1;;1
..murcs;7104;1;;1
..mcacs;7105;1;;1
..mcts;7106;1;;1
...tlppl1;7112;32;;0
.dw1;7112;32;;1
...tlppl2;7144;32;;0
.dw2;7144;32;;1
...tlppl3;7176;32;;0
.dw3;7176;32;;1
...tlppl4;7208;32;;0
.dw4;7208;32;;1
...ues;7240;32;;0
.te;7240;1;;1
..dlpe;7244;1;;1
..sde;7245;1;;1
..pt;7252;1;;1
..fcpe;7253;1;;1
..ct;7254;1;;1
..ca;7255;1;;1
..uc;7256;1;;1
..ro;7257;1;;1
..mt;7258;1;;1
..ee;7259;1;;1
..ure;7260;1;;1
..avs;7261;1;;1
..uies;7262;1;;1
..mcbtlps;7263;1;;1
..aebs;7264;1;;1
..tlppbes;7265;1;;1
..ptlpebs;7266;1;;1
...pciests1;7272;32;;0
..pciests2;7304;32;;0
....completion_bit3;195;1;;0
...pcie2.port0.cfg.aecc;7336;16;;0
.fep;7336;5;;1
..egc;7341;1;;1
..ege;7342;1;;1
..ecc;7343;1;;1
..ece;7344;1;;1
..tlpplp;7347;1;;1
..ctphlc;7348;1;;1
...bwchgdbug;7352;32;;0
.lwcc;7352;8;;1
..lscc;7360;8;;1
..lwmc;7368;8;;1
..lsmc;7376;8;;1
...ces;7384;16;;0
.re;7384;1;;1
..bt;7390;1;;1
..bd;7391;1;;1
..rnr;7392;1;;1
..rtt;7396;1;;1
..anfes;7397;1;;1
..cies;7398;1;;1
..hlos;7399;1;;1
...dpcsr;7416;16;;0
.dpcts;7416;1;;1
..dpctr;7417;2;;1
..dpcis;7419;1;;1
..dpcrpb;7420;1;;1
..dpcte;7421;2;;1
..rppiofep;7424;5;;1
...esid;7432;32;;0
.ecsid;7432;16;;1
..efnfsid;7448;16;;1
...hl_dw1;7464;32;;0
.dw1;7464;32;;1
...hl_dw2;7496;32;;0
.dw2;7496;32;;1
...hl_dw3;7528;32;;0
.dw3;7528;32;;1
...hl_dw4;7560;32;;0
.dw4;7560;32;;1
...lnkdbug;7592;24;;0
.rrdnc;7592;4;;1
..rdirc;7596;4;;1
..rtlpcrcec;7600;4;;1
..nrtlpc;7604;4;;1
..lwcf;7608;2;;1
..scf;7610;2;;1
..ltf;7612;2;;1
...pciealc;7616;32;;0
.g3skposl;7616;9;;1
..acknakgh;7625;1;;1
..lpadllpgd;7626;1;;1
..clg3fe;7632;4;;1
..pdsp;7636;1;;1
..rtd3pdsp;7637;1;;1
..rrptlpc;7638;1;;1
..ssrrs;7639;1;;1
..ssrld;7640;1;;1
..blkdqdasd;7641;1;;1
..blkdqda;7642;1;;1
..blkpapc;7643;1;;1
..illrcld;7644;1;;1
..itlrcld;7645;1;;1
..dpchserm;7646;1;;1
..cssaif;7647;1;;1
...recdbug;7648;32;;0
.cree0;7648;4;;1
..cree1;7652;4;;1
..cree2;7656;4;;1
..cree3;7660;4;;1
..cree4;7664;4;;1
..cree5;7668;4;;1
..cree6;7672;4;;1
..cree7;7676;4;;1
...res;7680;16;;0
.cr;7680;1;;1
..mcr;7681;1;;1
..enr;7682;1;;1
..menr;7683;1;;1
..fuf;7684;1;;1
..nfemr;7685;1;;1
..femr;7686;1;;1
..aemn;7691;5;;1
...rppiosr;7696;24;;0
.curcs;7696;1;;1
..ccacs;7697;1;;1
..ccts;7698;1;;1
..iourcs;7704;1;;1
..iocacs;7705;1;;1
..iocts;7706;1;;1
..murcs;7712;1;;1
..mcacs;7713;1;;1
..mcts;7714;1;;1
...tlppl1;7720;32;;0
.dw1;7720;32;;1
...tlppl2;7752;32;;0
.dw2;7752;32;;1
...tlppl3;7784;32;;0
.dw3;7784;32;;1
...tlppl4;7816;32;;0
.dw4;7816;32;;1
...ues;7848;32;;0
.te;7848;1;;1
..dlpe;7852;1;;1
..sde;7853;1;;1
..pt;7860;1;;1
..fcpe;7861;1;;1
..ct;7862;1;;1
..ca;7863;1;;1
..uc;7864;1;;1
..ro;7865;1;;1
..mt;7866;1;;1
..ee;7867;1;;1
..ure;7868;1;;1
..avs;7869;1;;1
..uies;7870;1;;1
..mcbtlps;7871;1;;1
..aebs;7872;1;;1
..tlppbes;7873;1;;1
..ptlpebs;7874;1;;1
...pciests1;7880;32;;0
..pciests2;7912;32;;0
....port1.cfg.aecc;7944;16;;0
.fep;7944;5;;1
..egc;7949;1;;1
..ege;7950;1;;1
..ecc;7951;1;;1
..ece;7952;1;;1
..tlpplp;7955;1;;1
..ctphlc;7956;1;;1
...bwchgdbug;7960;32;;0
.lwcc;7960;8;;1
..lscc;7968;8;;1
..lwmc;7976;8;;1
..lsmc;7984;8;;1
...ces;7992;16;;0
.re;7992;1;;1
..bt;7998;1;;1
..bd;7999;1;;1
..rnr;8000;1;;1
..rtt;8004;1;;1
..anfes;8005;1;;1
..cies;8006;1;;1
..hlos;8007;1;;1
...dpcsr;8024;16;;0
.dpcts;8024;1;;1
..dpctr;8025;2;;1
..dpcis;8027;1;;1
..dpcrpb;8028;1;;1
..dpcte;8029;2;;1
..rppiofep;8032;5;;1
...esid;8040;32;;0
.ecsid;8040;16;;1
..efnfsid;8056;16;;1
...hl_dw1;8072;32;;0
.dw1;8072;32;;1
...hl_dw2;8104;32;;0
.dw2;8104;32;;1
...hl_dw3;8136;32;;0
.dw3;8136;32;;1
...hl_dw4;8168;32;;0
.dw4;8168;32;;1
...lnkdbug;8200;24;;0
.rrdnc;8200;4;;1
..rdirc;8204;4;;1
..rtlpcrcec;8208;4;;1
..nrtlpc;8212;4;;1
..lwcf;8216;2;;1
..scf;8218;2;;1
..ltf;8220;2;;1
...pciealc;8224;32;;0
.g3skposl;8224;9;;1
..acknakgh;8233;1;;1
..lpadllpgd;8234;1;;1
..clg3fe;8240;4;;1
..pdsp;8244;1;;1
..rtd3pdsp;8245;1;;1
..rrptlpc;8246;1;;1
..ssrrs;8247;1;;1
..ssrld;8248;1;;1
..blkdqdasd;8249;1;;1
..blkdqda;8250;1;;1
..blkpapc;8251;1;;1
..illrcld;8252;1;;1
..itlrcld;8253;1;;1
..dpchserm;8254;1;;1
..cssaif;8255;1;;1
...recdbug;8256;32;;0
.cree0;8256;4;;1
..cree1;8260;4;;1
..cree2;8264;4;;1
..cree3;8268;4;;1
..cree4;8272;4;;1
..cree5;8276;4;;1
..cree6;8280;4;;1
..cree7;8284;4;;1
...res;8288;16;;0
.cr;8288;1;;1
..mcr;8289;1;;1
..enr;8290;1;;1
..menr;8291;1;;1
..fuf;8292;1;;1
..nfemr;8293;1;;1
..femr;8294;1;;1
..aemn;8299;5;;1
...rppiosr;8304;24;;0
.curcs;8304;1;;1
..ccacs;8305;1;;1
..ccts;8306;1;;1
..iourcs;8312;1;;1
..iocacs;8313;1;;1
..iocts;8314;1;;1
..murcs;8320;1;;1
..mcacs;8321;1;;1
..mcts;8322;1;;1
...tlppl1;8328;32;;0
.dw1;8328;32;;1
...tlppl2;8360;32;;0
.dw2;8360;32;;1
...tlppl3;8392;32;;0
.dw3;8392;32;;1
...tlppl4;8424;32;;0
.dw4;8424;32;;1
...ues;8456;32;;0
.te;8456;1;;1
..dlpe;8460;1;;1
..sde;8461;1;;1
..pt;8468;1;;1
..fcpe;8469;1;;1
..ct;8470;1;;1
..ca;8471;1;;1
..uc;8472;1;;1
..ro;8473;1;;1
..mt;8474;1;;1
..ee;8475;1;;1
..ure;8476;1;;1
..avs;8477;1;;1
..uies;8478;1;;1
..mcbtlps;8479;1;;1
..aebs;8480;1;;1
..tlppbes;8481;1;;1
..ptlpebs;8482;1;;1
...pciests1;8488;32;;0
..pciests2;8520;32;;0
....port2.cfg.aecc;8552;16;;0
.fep;8552;5;;1
..egc;8557;1;;1
..ege;8558;1;;1
..ecc;8559;1;;1
..ece;8560;1;;1
..tlpplp;8563;1;;1
..ctphlc;8564;1;;1
...bwchgdbug;8568;32;;0
.lwcc;8568;8;;1
..lscc;8576;8;;1
..lwmc;8584;8;;1
..lsmc;8592;8;;1
...ces;8600;16;;0
.re;8600;1;;1
..bt;8606;1;;1
..bd;8607;1;;1
..rnr;8608;1;;1
..rtt;8612;1;;1
..anfes;8613;1;;1
..cies;8614;1;;1
..hlos;8615;1;;1
...dpcsr;8632;16;;0
.dpcts;8632;1;;1
..dpctr;8633;2;;1
..dpcis;8635;1;;1
..dpcrpb;8636;1;;1
..dpcte;8637;2;;1
..rppiofep;8640;5;;1
...esid;8648;32;;0
.ecsid;8648;16;;1
..efnfsid;8664;16;;1
...hl_dw1;8680;32;;0
.dw1;8680;32;;1
...hl_dw2;8712;32;;0
.dw2;8712;32;;1
...hl_dw3;8744;32;;0
.dw3;8744;32;;1
...hl_dw4;8776;32;;0
.dw4;8776;32;;1
...lnkdbug;8808;24;;0
.rrdnc;8808;4;;1
..rdirc;8812;4;;1
..rtlpcrcec;8816;4;;1
..nrtlpc;8820;4;;1
..lwcf;8824;2;;1
..scf;8826;2;;1
..ltf;8828;2;;1
...pciealc;8832;32;;0
.g3skposl;8832;9;;1
..acknakgh;8841;1;;1
..lpadllpgd;8842;1;;1
..clg3fe;8848;4;;1
..pdsp;8852;1;;1
..rtd3pdsp;8853;1;;1
..rrptlpc;8854;1;;1
..ssrrs;8855;1;;1
..ssrld;8856;1;;1
..blkdqdasd;8857;1;;1
..blkdqda;8858;1;;1
..blkpapc;8859;1;;1
..illrcld;8860;1;;1
..itlrcld;8861;1;;1
..dpchserm;8862;1;;1
..cssaif;8863;1;;1
...recdbug;8864;32;;0
.cree0;8864;4;;1
..cree1;8868;4;;1
..cree2;8872;4;;1
..cree3;8876;4;;1
..cree4;8880;4;;1
..cree5;8884;4;;1
..cree6;8888;4;;1
..cree7;8892;4;;1
...res;8896;16;;0
.cr;8896;1;;1
..mcr;8897;1;;1
..enr;8898;1;;1
..menr;8899;1;;1
..fuf;8900;1;;1
..nfemr;8901;1;;1
..femr;8902;1;;1
..aemn;8907;5;;1
...rppiosr;8912;24;;0
.curcs;8912;1;;1
..ccacs;8913;1;;1
..ccts;8914;1;;1
..iourcs;8920;1;;1
..iocacs;8921;1;;1
..iocts;8922;1;;1
..murcs;8928;1;;1
..mcacs;8929;1;;1
..mcts;8930;1;;1
...tlppl1;8936;32;;0
.dw1;8936;32;;1
...tlppl2;8968;32;;0
.dw2;8968;32;;1
...tlppl3;9000;32;;0
.dw3;9000;32;;1
...tlppl4;9032;32;;0
.dw4;9032;32;;1
...ues;9064;32;;0
.te;9064;1;;1
..dlpe;9068;1;;1
..sde;9069;1;;1
..pt;9076;1;;1
..fcpe;9077;1;;1
..ct;9078;1;;1
..ca;9079;1;;1
..uc;9080;1;;1
..ro;9081;1;;1
..mt;9082;1;;1
..ee;9083;1;;1
..ure;9084;1;;1
..avs;9085;1;;1
..uies;9086;1;;1
..mcbtlps;9087;1;;1
..aebs;9088;1;;1
..tlppbes;9089;1;;1
..ptlpebs;9090;1;;1
...pciests1;9096;32;;0
..pciests2;9128;32;;0
....port3.cfg.aecc;9160;16;;0
.fep;9160;5;;1
..egc;9165;1;;1
..ege;9166;1;;1
..ecc;9167;1;;1
..ece;9168;1;;1
..tlpplp;9171;1;;1
..ctphlc;9172;1;;1
...bwchgdbug;9176;32;;0
.lwcc;9176;8;;1
..lscc;9184;8;;1
..lwmc;9192;8;;1
..lsmc;9200;8;;1
...ces;9208;16;;0
.re;9208;1;;1
..bt;9214;1;;1
..bd;9215;1;;1
..rnr;9216;1;;1
..rtt;9220;1;;1
..anfes;9221;1;;1
..cies;9222;1;;1
..hlos;9223;1;;1
...dpcsr;9240;16;;0
.dpcts;9240;1;;1
..dpctr;9241;2;;1
..dpcis;9243;1;;1
..dpcrpb;9244;1;;1
..dpcte;9245;2;;1
..rppiofep;9248;5;;1
...esid;9256;32;;0
.ecsid;9256;16;;1
..efnfsid;9272;16;;1
...hl_dw1;9288;32;;0
.dw1;9288;32;;1
...hl_dw2;9320;32;;0
.dw2;9320;32;;1
...hl_dw3;9352;32;;0
.dw3;9352;32;;1
...hl_dw4;9384;32;;0
.dw4;9384;32;;1
...lnkdbug;9416;24;;0
.rrdnc;9416;4;;1
..rdirc;9420;4;;1
..rtlpcrcec;9424;4;;1
..nrtlpc;9428;4;;1
..lwcf;9432;2;;1
..scf;9434;2;;1
..ltf;9436;2;;1
...pciealc;9440;32;;0
.g3skposl;9440;9;;1
..acknakgh;9449;1;;1
..lpadllpgd;9450;1;;1
..clg3fe;9456;4;;1
..pdsp;9460;1;;1
..rtd3pdsp;9461;1;;1
..rrptlpc;9462;1;;1
..ssrrs;9463;1;;1
..ssrld;9464;1;;1
..blkdqdasd;9465;1;;1
..blkdqda;9466;1;;1
..blkpapc;9467;1;;1
..illrcld;9468;1;;1
..itlrcld;9469;1;;1
..dpchserm;9470;1;;1
..cssaif;9471;1;;1
...recdbug;9472;32;;0
.cree0;9472;4;;1
..cree1;9476;4;;1
..cree2;9480;4;;1
..cree3;9484;4;;1
..cree4;9488;4;;1
..cree5;9492;4;;1
..cree6;9496;4;;1
..cree7;9500;4;;1
...res;9504;16;;0
.cr;9504;1;;1
..mcr;9505;1;;1
..enr;9506;1;;1
..menr;9507;1;;1
..fuf;9508;1;;1
..nfemr;9509;1;;1
..femr;9510;1;;1
..aemn;9515;5;;1
...rppiosr;9520;24;;0
.curcs;9520;1;;1
..ccacs;9521;1;;1
..ccts;9522;1;;1
..iourcs;9528;1;;1
..iocacs;9529;1;;1
..iocts;9530;1;;1
..murcs;9536;1;;1
..mcacs;9537;1;;1
..mcts;9538;1;;1
...tlppl1;9544;32;;0
.dw1;9544;32;;1
...tlppl2;9576;32;;0
.dw2;9576;32;;1
...tlppl3;9608;32;;0
.dw3;9608;32;;1
...tlppl4;9640;32;;0
.dw4;9640;32;;1
...ues;9672;32;;0
.te;9672;1;;1
..dlpe;9676;1;;1
..sde;9677;1;;1
..pt;9684;1;;1
..fcpe;9685;1;;1
..ct;9686;1;;1
..ca;9687;1;;1
..uc;9688;1;;1
..ro;9689;1;;1
..mt;9690;1;;1
..ee;9691;1;;1
..ure;9692;1;;1
..avs;9693;1;;1
..uies;9694;1;;1
..mcbtlps;9695;1;;1
..aebs;9696;1;;1
..tlppbes;9697;1;;1
..ptlpebs;9698;1;;1
...pciests1;9704;32;;0
..pciests2;9736;32;;0
....completion_bit4;196;1;;0
...pcie3.port0.cfg.aecc;9768;16;;0
.fep;9768;5;;1
..egc;9773;1;;1
..ege;9774;1;;1
..ecc;9775;1;;1
..ece;9776;1;;1
..tlpplp;9779;1;;1
..ctphlc;9780;1;;1
...bwchgdbug;9784;32;;0
.lwcc;9784;8;;1
..lscc;9792;8;;1
..lwmc;9800;8;;1
..lsmc;9808;8;;1
...ces;9816;16;;0
.re;9816;1;;1
..bt;9822;1;;1
..bd;9823;1;;1
..rnr;9824;1;;1
..rtt;9828;1;;1
..anfes;9829;1;;1
..cies;9830;1;;1
..hlos;9831;1;;1
...dpcsr;9848;16;;0
.dpcts;9848;1;;1
..dpctr;9849;2;;1
..dpcis;9851;1;;1
..dpcrpb;9852;1;;1
..dpcte;9853;2;;1
..rppiofep;9856;5;;1
...esid;9864;32;;0
.ecsid;9864;16;;1
..efnfsid;9880;16;;1
...hl_dw1;9896;32;;0
.dw1;9896;32;;1
...hl_dw2;9928;32;;0
.dw2;9928;32;;1
...hl_dw3;9960;32;;0
.dw3;9960;32;;1
...hl_dw4;9992;32;;0
.dw4;9992;32;;1
...lnkdbug;10024;24;;0
.rrdnc;10024;4;;1
..rdirc;10028;4;;1
..rtlpcrcec;10032;4;;1
..nrtlpc;10036;4;;1
..lwcf;10040;2;;1
..scf;10042;2;;1
..ltf;10044;2;;1
...pciealc;10048;32;;0
.g3skposl;10048;9;;1
..acknakgh;10057;1;;1
..lpadllpgd;10058;1;;1
..clg3fe;10064;4;;1
..pdsp;10068;1;;1
..rtd3pdsp;10069;1;;1
..rrptlpc;10070;1;;1
..ssrrs;10071;1;;1
..ssrld;10072;1;;1
..blkdqdasd;10073;1;;1
..blkdqda;10074;1;;1
..blkpapc;10075;1;;1
..illrcld;10076;1;;1
..itlrcld;10077;1;;1
..dpchserm;10078;1;;1
..cssaif;10079;1;;1
...recdbug;10080;32;;0
.cree0;10080;4;;1
..cree1;10084;4;;1
..cree2;10088;4;;1
..cree3;10092;4;;1
..cree4;10096;4;;1
..cree5;10100;4;;1
..cree6;10104;4;;1
..cree7;10108;4;;1
...res;10112;16;;0
.cr;10112;1;;1
..mcr;10113;1;;1
..enr;10114;1;;1
..menr;10115;1;;1
..fuf;10116;1;;1
..nfemr;10117;1;;1
..femr;10118;1;;1
..aemn;10123;5;;1
...rppiosr;10128;24;;0
.curcs;10128;1;;1
..ccacs;10129;1;;1
..ccts;10130;1;;1
..iourcs;10136;1;;1
..iocacs;10137;1;;1
..iocts;10138;1;;1
..murcs;10144;1;;1
..mcacs;10145;1;;1
..mcts;10146;1;;1
...tlppl1;10152;32;;0
.dw1;10152;32;;1
...tlppl2;10184;32;;0
.dw2;10184;32;;1
...tlppl3;10216;32;;0
.dw3;10216;32;;1
...tlppl4;10248;32;;0
.dw4;10248;32;;1
...ues;10280;32;;0
.te;10280;1;;1
..dlpe;10284;1;;1
..sde;10285;1;;1
..pt;10292;1;;1
..fcpe;10293;1;;1
..ct;10294;1;;1
..ca;10295;1;;1
..uc;10296;1;;1
..ro;10297;1;;1
..mt;10298;1;;1
..ee;10299;1;;1
..ure;10300;1;;1
..avs;10301;1;;1
..uies;10302;1;;1
..mcbtlps;10303;1;;1
..aebs;10304;1;;1
..tlppbes;10305;1;;1
..ptlpebs;10306;1;;1
...pciests1;10312;32;;0
..pciests2;10344;32;;0
....port1.cfg.aecc;10376;16;;0
.fep;10376;5;;1
..egc;10381;1;;1
..ege;10382;1;;1
..ecc;10383;1;;1
..ece;10384;1;;1
..tlpplp;10387;1;;1
..ctphlc;10388;1;;1
...bwchgdbug;10392;32;;0
.lwcc;10392;8;;1
..lscc;10400;8;;1
..lwmc;10408;8;;1
..lsmc;10416;8;;1
...ces;10424;16;;0
.re;10424;1;;1
..bt;10430;1;;1
..bd;10431;1;;1
..rnr;10432;1;;1
..rtt;10436;1;;1
..anfes;10437;1;;1
..cies;10438;1;;1
..hlos;10439;1;;1
...dpcsr;10456;16;;0
.dpcts;10456;1;;1
..dpctr;10457;2;;1
..dpcis;10459;1;;1
..dpcrpb;10460;1;;1
..dpcte;10461;2;;1
..rppiofep;10464;5;;1
...esid;10472;32;;0
.ecsid;10472;16;;1
..efnfsid;10488;16;;1
...hl_dw1;10504;32;;0
.dw1;10504;32;;1
...hl_dw2;10536;32;;0
.dw2;10536;32;;1
...hl_dw3;10568;32;;0
.dw3;10568;32;;1
...hl_dw4;10600;32;;0
.dw4;10600;32;;1
...lnkdbug;10632;24;;0
.rrdnc;10632;4;;1
..rdirc;10636;4;;1
..rtlpcrcec;10640;4;;1
..nrtlpc;10644;4;;1
..lwcf;10648;2;;1
..scf;10650;2;;1
..ltf;10652;2;;1
...pciealc;10656;32;;0
.g3skposl;10656;9;;1
..acknakgh;10665;1;;1
..lpadllpgd;10666;1;;1
..clg3fe;10672;4;;1
..pdsp;10676;1;;1
..rtd3pdsp;10677;1;;1
..rrptlpc;10678;1;;1
..ssrrs;10679;1;;1
..ssrld;10680;1;;1
..blkdqdasd;10681;1;;1
..blkdqda;10682;1;;1
..blkpapc;10683;1;;1
..illrcld;10684;1;;1
..itlrcld;10685;1;;1
..dpchserm;10686;1;;1
..cssaif;10687;1;;1
...recdbug;10688;32;;0
.cree0;10688;4;;1
..cree1;10692;4;;1
..cree2;10696;4;;1
..cree3;10700;4;;1
..cree4;10704;4;;1
..cree5;10708;4;;1
..cree6;10712;4;;1
..cree7;10716;4;;1
...res;10720;16;;0
.cr;10720;1;;1
..mcr;10721;1;;1
..enr;10722;1;;1
..menr;10723;1;;1
..fuf;10724;1;;1
..nfemr;10725;1;;1
..femr;10726;1;;1
..aemn;10731;5;;1
...rppiosr;10736;24;;0
.curcs;10736;1;;1
..ccacs;10737;1;;1
..ccts;10738;1;;1
..iourcs;10744;1;;1
..iocacs;10745;1;;1
..iocts;10746;1;;1
..murcs;10752;1;;1
..mcacs;10753;1;;1
..mcts;10754;1;;1
...tlppl1;10760;32;;0
.dw1;10760;32;;1
...tlppl2;10792;32;;0
.dw2;10792;32;;1
...tlppl3;10824;32;;0
.dw3;10824;32;;1
...tlppl4;10856;32;;0
.dw4;10856;32;;1
...ues;10888;32;;0
.te;10888;1;;1
..dlpe;10892;1;;1
..sde;10893;1;;1
..pt;10900;1;;1
..fcpe;10901;1;;1
..ct;10902;1;;1
..ca;10903;1;;1
..uc;10904;1;;1
..ro;10905;1;;1
..mt;10906;1;;1
..ee;10907;1;;1
..ure;10908;1;;1
..avs;10909;1;;1
..uies;10910;1;;1
..mcbtlps;10911;1;;1
..aebs;10912;1;;1
..tlppbes;10913;1;;1
..ptlpebs;10914;1;;1
...pciests1;10920;32;;0
..pciests2;10952;32;;0
....port2.cfg.aecc;10984;16;;0
.fep;10984;5;;1
..egc;10989;1;;1
..ege;10990;1;;1
..ecc;10991;1;;1
..ece;10992;1;;1
..tlpplp;10995;1;;1
..ctphlc;10996;1;;1
...bwchgdbug;11000;32;;0
.lwcc;11000;8;;1
..lscc;11008;8;;1
..lwmc;11016;8;;1
..lsmc;11024;8;;1
...ces;11032;16;;0
.re;11032;1;;1
..bt;11038;1;;1
..bd;11039;1;;1
..rnr;11040;1;;1
..rtt;11044;1;;1
..anfes;11045;1;;1
..cies;11046;1;;1
..hlos;11047;1;;1
...dpcsr;11064;16;;0
.dpcts;11064;1;;1
..dpctr;11065;2;;1
..dpcis;11067;1;;1
..dpcrpb;11068;1;;1
..dpcte;11069;2;;1
..rppiofep;11072;5;;1
...esid;11080;32;;0
.ecsid;11080;16;;1
..efnfsid;11096;16;;1
...hl_dw1;11112;32;;0
.dw1;11112;32;;1
...hl_dw2;11144;32;;0
.dw2;11144;32;;1
...hl_dw3;11176;32;;0
.dw3;11176;32;;1
...hl_dw4;11208;32;;0
.dw4;11208;32;;1
...lnkdbug;11240;24;;0
.rrdnc;11240;4;;1
..rdirc;11244;4;;1
..rtlpcrcec;11248;4;;1
..nrtlpc;11252;4;;1
..lwcf;11256;2;;1
..scf;11258;2;;1
..ltf;11260;2;;1
...pciealc;11264;32;;0
.g3skposl;11264;9;;1
..acknakgh;11273;1;;1
..lpadllpgd;11274;1;;1
..clg3fe;11280;4;;1
..pdsp;11284;1;;1
..rtd3pdsp;11285;1;;1
..rrptlpc;11286;1;;1
..ssrrs;11287;1;;1
..ssrld;11288;1;;1
..blkdqdasd;11289;1;;1
..blkdqda;11290;1;;1
..blkpapc;11291;1;;1
..illrcld;11292;1;;1
..itlrcld;11293;1;;1
..dpchserm;11294;1;;1
..cssaif;11295;1;;1
...recdbug;11296;32;;0
.cree0;11296;4;;1
..cree1;11300;4;;1
..cree2;11304;4;;1
..cree3;11308;4;;1
..cree4;11312;4;;1
..cree5;11316;4;;1
..cree6;11320;4;;1
..cree7;11324;4;;1
...res;11328;16;;0
.cr;11328;1;;1
..mcr;11329;1;;1
..enr;11330;1;;1
..menr;11331;1;;1
..fuf;11332;1;;1
..nfemr;11333;1;;1
..femr;11334;1;;1
..aemn;11339;5;;1
...rppiosr;11344;24;;0
.curcs;11344;1;;1
..ccacs;11345;1;;1
..ccts;11346;1;;1
..iourcs;11352;1;;1
..iocacs;11353;1;;1
..iocts;11354;1;;1
..murcs;11360;1;;1
..mcacs;11361;1;;1
..mcts;11362;1;;1
...tlppl1;11368;32;;0
.dw1;11368;32;;1
...tlppl2;11400;32;;0
.dw2;11400;32;;1
...tlppl3;11432;32;;0
.dw3;11432;32;;1
...tlppl4;11464;32;;0
.dw4;11464;32;;1
...ues;11496;32;;0
.te;11496;1;;1
..dlpe;11500;1;;1
..sde;11501;1;;1
..pt;11508;1;;1
..fcpe;11509;1;;1
..ct;11510;1;;1
..ca;11511;1;;1
..uc;11512;1;;1
..ro;11513;1;;1
..mt;11514;1;;1
..ee;11515;1;;1
..ure;11516;1;;1
..avs;11517;1;;1
..uies;11518;1;;1
..mcbtlps;11519;1;;1
..aebs;11520;1;;1
..tlppbes;11521;1;;1
..ptlpebs;11522;1;;1
...pciests1;11528;32;;0
..pciests2;11560;32;;0
....port3.cfg.aecc;11592;16;;0
.fep;11592;5;;1
..egc;11597;1;;1
..ege;11598;1;;1
..ecc;11599;1;;1
..ece;11600;1;;1
..tlpplp;11603;1;;1
..ctphlc;11604;1;;1
...bwchgdbug;11608;32;;0
.lwcc;11608;8;;1
..lscc;11616;8;;1
..lwmc;11624;8;;1
..lsmc;11632;8;;1
...ces;11640;16;;0
.re;11640;1;;1
..bt;11646;1;;1
..bd;11647;1;;1
..rnr;11648;1;;1
..rtt;11652;1;;1
..anfes;11653;1;;1
..cies;11654;1;;1
..hlos;11655;1;;1
...dpcsr;11672;16;;0
.dpcts;11672;1;;1
..dpctr;11673;2;;1
..dpcis;11675;1;;1
..dpcrpb;11676;1;;1
..dpcte;11677;2;;1
..rppiofep;11680;5;;1
...esid;11688;32;;0
.ecsid;11688;16;;1
..efnfsid;11704;16;;1
...hl_dw1;11720;32;;0
.dw1;11720;32;;1
...hl_dw2;11752;32;;0
.dw2;11752;32;;1
...hl_dw3;11784;32;;0
.dw3;11784;32;;1
...hl_dw4;11816;32;;0
.dw4;11816;32;;1
...lnkdbug;11848;24;;0
.rrdnc;11848;4;;1
..rdirc;11852;4;;1
..rtlpcrcec;11856;4;;1
..nrtlpc;11860;4;;1
..lwcf;11864;2;;1
..scf;11866;2;;1
..ltf;11868;2;;1
...pciealc;11872;32;;0
.g3skposl;11872;9;;1
..acknakgh;11881;1;;1
..lpadllpgd;11882;1;;1
..clg3fe;11888;4;;1
..pdsp;11892;1;;1
..rtd3pdsp;11893;1;;1
..rrptlpc;11894;1;;1
..ssrrs;11895;1;;1
..ssrld;11896;1;;1
..blkdqdasd;11897;1;;1
..blkdqda;11898;1;;1
..blkpapc;11899;1;;1
..illrcld;11900;1;;1
..itlrcld;11901;1;;1
..dpchserm;11902;1;;1
..cssaif;11903;1;;1
...recdbug;11904;32;;0
.cree0;11904;4;;1
..cree1;11908;4;;1
..cree2;11912;4;;1
..cree3;11916;4;;1
..cree4;11920;4;;1
..cree5;11924;4;;1
..cree6;11928;4;;1
..cree7;11932;4;;1
...res;11936;16;;0
.cr;11936;1;;1
..mcr;11937;1;;1
..enr;11938;1;;1
..menr;11939;1;;1
..fuf;11940;1;;1
..nfemr;11941;1;;1
..femr;11942;1;;1
..aemn;11947;5;;1
...rppiosr;11952;24;;0
.curcs;11952;1;;1
..ccacs;11953;1;;1
..ccts;11954;1;;1
..iourcs;11960;1;;1
..iocacs;11961;1;;1
..iocts;11962;1;;1
..murcs;11968;1;;1
..mcacs;11969;1;;1
..mcts;11970;1;;1
...tlppl1;11976;32;;0
.dw1;11976;32;;1
...tlppl2;12008;32;;0
.dw2;12008;32;;1
...tlppl3;12040;32;;0
.dw3;12040;32;;1
...tlppl4;12072;32;;0
.dw4;12072;32;;1
...ues;12104;32;;0
.te;12104;1;;1
..dlpe;12108;1;;1
..sde;12109;1;;1
..pt;12116;1;;1
..fcpe;12117;1;;1
..ct;12118;1;;1
..ca;12119;1;;1
..uc;12120;1;;1
..ro;12121;1;;1
..mt;12122;1;;1
..ee;12123;1;;1
..ure;12124;1;;1
..avs;12125;1;;1
..uies;12126;1;;1
..mcbtlps;12127;1;;1
..aebs;12128;1;;1
..tlppbes;12129;1;;1
..ptlpebs;12130;1;;1
...pciests1;12136;32;;0
..pciests2;12168;32;;0
....completion_bit5;197;1;;0
...pcie4.port0.cfg.aecc;12200;16;;0
.fep;12200;5;;1
..egc;12205;1;;1
..ege;12206;1;;1
..ecc;12207;1;;1
..ece;12208;1;;1
..tlpplp;12211;1;;1
..ctphlc;12212;1;;1
...bwchgdbug;12216;32;;0
.lwcc;12216;8;;1
..lscc;12224;8;;1
..lwmc;12232;8;;1
..lsmc;12240;8;;1
...ces;12248;16;;0
.re;12248;1;;1
..bt;12254;1;;1
..bd;12255;1;;1
..rnr;12256;1;;1
..rtt;12260;1;;1
..anfes;12261;1;;1
..cies;12262;1;;1
..hlos;12263;1;;1
...dpcsr;12280;16;;0
.dpcts;12280;1;;1
..dpctr;12281;2;;1
..dpcis;12283;1;;1
..dpcrpb;12284;1;;1
..dpcte;12285;2;;1
..rppiofep;12288;5;;1
...esid;12296;32;;0
.ecsid;12296;16;;1
..efnfsid;12312;16;;1
...hl_dw1;12328;32;;0
.dw1;12328;32;;1
...hl_dw2;12360;32;;0
.dw2;12360;32;;1
...hl_dw3;12392;32;;0
.dw3;12392;32;;1
...hl_dw4;12424;32;;0
.dw4;12424;32;;1
...lnkdbug;12456;24;;0
.rrdnc;12456;4;;1
..rdirc;12460;4;;1
..rtlpcrcec;12464;4;;1
..nrtlpc;12468;4;;1
..lwcf;12472;2;;1
..scf;12474;2;;1
..ltf;12476;2;;1
...pciealc;12480;32;;0
.g3skposl;12480;9;;1
..acknakgh;12489;1;;1
..lpadllpgd;12490;1;;1
..clg3fe;12496;4;;1
..pdsp;12500;1;;1
..rtd3pdsp;12501;1;;1
..rrptlpc;12502;1;;1
..ssrrs;12503;1;;1
..ssrld;12504;1;;1
..blkdqdasd;12505;1;;1
..blkdqda;12506;1;;1
..blkpapc;12507;1;;1
..illrcld;12508;1;;1
..itlrcld;12509;1;;1
..dpchserm;12510;1;;1
..cssaif;12511;1;;1
...recdbug;12512;32;;0
.cree0;12512;4;;1
..cree1;12516;4;;1
..cree2;12520;4;;1
..cree3;12524;4;;1
..cree4;12528;4;;1
..cree5;12532;4;;1
..cree6;12536;4;;1
..cree7;12540;4;;1
...res;12544;16;;0
.cr;12544;1;;1
..mcr;12545;1;;1
..enr;12546;1;;1
..menr;12547;1;;1
..fuf;12548;1;;1
..nfemr;12549;1;;1
..femr;12550;1;;1
..aemn;12555;5;;1
...rppiosr;12560;24;;0
.curcs;12560;1;;1
..ccacs;12561;1;;1
..ccts;12562;1;;1
..iourcs;12568;1;;1
..iocacs;12569;1;;1
..iocts;12570;1;;1
..murcs;12576;1;;1
..mcacs;12577;1;;1
..mcts;12578;1;;1
...tlppl1;12584;32;;0
.dw1;12584;32;;1
...tlppl2;12616;32;;0
.dw2;12616;32;;1
...tlppl3;12648;32;;0
.dw3;12648;32;;1
...tlppl4;12680;32;;0
.dw4;12680;32;;1
...ues;12712;32;;0
.te;12712;1;;1
..dlpe;12716;1;;1
..sde;12717;1;;1
..pt;12724;1;;1
..fcpe;12725;1;;1
..ct;12726;1;;1
..ca;12727;1;;1
..uc;12728;1;;1
..ro;12729;1;;1
..mt;12730;1;;1
..ee;12731;1;;1
..ure;12732;1;;1
..avs;12733;1;;1
..uies;12734;1;;1
..mcbtlps;12735;1;;1
..aebs;12736;1;;1
..tlppbes;12737;1;;1
..ptlpebs;12738;1;;1
...pciests1;12744;32;;0
..pciests2;12776;32;;0
....port1.cfg.aecc;12808;16;;0
.fep;12808;5;;1
..egc;12813;1;;1
..ege;12814;1;;1
..ecc;12815;1;;1
..ece;12816;1;;1
..tlpplp;12819;1;;1
..ctphlc;12820;1;;1
...bwchgdbug;12824;32;;0
.lwcc;12824;8;;1
..lscc;12832;8;;1
..lwmc;12840;8;;1
..lsmc;12848;8;;1
...ces;12856;16;;0
.re;12856;1;;1
..bt;12862;1;;1
..bd;12863;1;;1
..rnr;12864;1;;1
..rtt;12868;1;;1
..anfes;12869;1;;1
..cies;12870;1;;1
..hlos;12871;1;;1
...dpcsr;12888;16;;0
.dpcts;12888;1;;1
..dpctr;12889;2;;1
..dpcis;12891;1;;1
..dpcrpb;12892;1;;1
..dpcte;12893;2;;1
..rppiofep;12896;5;;1
...esid;12904;32;;0
.ecsid;12904;16;;1
..efnfsid;12920;16;;1
...hl_dw1;12936;32;;0
.dw1;12936;32;;1
...hl_dw2;12968;32;;0
.dw2;12968;32;;1
...hl_dw3;13000;32;;0
.dw3;13000;32;;1
...hl_dw4;13032;32;;0
.dw4;13032;32;;1
...lnkdbug;13064;24;;0
.rrdnc;13064;4;;1
..rdirc;13068;4;;1
..rtlpcrcec;13072;4;;1
..nrtlpc;13076;4;;1
..lwcf;13080;2;;1
..scf;13082;2;;1
..ltf;13084;2;;1
...pciealc;13088;32;;0
.g3skposl;13088;9;;1
..acknakgh;13097;1;;1
..lpadllpgd;13098;1;;1
..clg3fe;13104;4;;1
..pdsp;13108;1;;1
..rtd3pdsp;13109;1;;1
..rrptlpc;13110;1;;1
..ssrrs;13111;1;;1
..ssrld;13112;1;;1
..blkdqdasd;13113;1;;1
..blkdqda;13114;1;;1
..blkpapc;13115;1;;1
..illrcld;13116;1;;1
..itlrcld;13117;1;;1
..dpchserm;13118;1;;1
..cssaif;13119;1;;1
...recdbug;13120;32;;0
.cree0;13120;4;;1
..cree1;13124;4;;1
..cree2;13128;4;;1
..cree3;13132;4;;1
..cree4;13136;4;;1
..cree5;13140;4;;1
..cree6;13144;4;;1
..cree7;13148;4;;1
...res;13152;16;;0
.cr;13152;1;;1
..mcr;13153;1;;1
..enr;13154;1;;1
..menr;13155;1;;1
..fuf;13156;1;;1
..nfemr;13157;1;;1
..femr;13158;1;;1
..aemn;13163;5;;1
...rppiosr;13168;24;;0
.curcs;13168;1;;1
..ccacs;13169;1;;1
..ccts;13170;1;;1
..iourcs;13176;1;;1
..iocacs;13177;1;;1
..iocts;13178;1;;1
..murcs;13184;1;;1
..mcacs;13185;1;;1
..mcts;13186;1;;1
...tlppl1;13192;32;;0
.dw1;13192;32;;1
...tlppl2;13224;32;;0
.dw2;13224;32;;1
...tlppl3;13256;32;;0
.dw3;13256;32;;1
...tlppl4;13288;32;;0
.dw4;13288;32;;1
...ues;13320;32;;0
.te;13320;1;;1
..dlpe;13324;1;;1
..sde;13325;1;;1
..pt;13332;1;;1
..fcpe;13333;1;;1
..ct;13334;1;;1
..ca;13335;1;;1
..uc;13336;1;;1
..ro;13337;1;;1
..mt;13338;1;;1
..ee;13339;1;;1
..ure;13340;1;;1
..avs;13341;1;;1
..uies;13342;1;;1
..mcbtlps;13343;1;;1
..aebs;13344;1;;1
..tlppbes;13345;1;;1
..ptlpebs;13346;1;;1
...pciests1;13352;32;;0
..pciests2;13384;32;;0
....port2.cfg.aecc;13416;16;;0
.fep;13416;5;;1
..egc;13421;1;;1
..ege;13422;1;;1
..ecc;13423;1;;1
..ece;13424;1;;1
..tlpplp;13427;1;;1
..ctphlc;13428;1;;1
...bwchgdbug;13432;32;;0
.lwcc;13432;8;;1
..lscc;13440;8;;1
..lwmc;13448;8;;1
..lsmc;13456;8;;1
...ces;13464;16;;0
.re;13464;1;;1
..bt;13470;1;;1
..bd;13471;1;;1
..rnr;13472;1;;1
..rtt;13476;1;;1
..anfes;13477;1;;1
..cies;13478;1;;1
..hlos;13479;1;;1
...dpcsr;13496;16;;0
.dpcts;13496;1;;1
..dpctr;13497;2;;1
..dpcis;13499;1;;1
..dpcrpb;13500;1;;1
..dpcte;13501;2;;1
..rppiofep;13504;5;;1
...esid;13512;32;;0
.ecsid;13512;16;;1
..efnfsid;13528;16;;1
...hl_dw1;13544;32;;0
.dw1;13544;32;;1
...hl_dw2;13576;32;;0
.dw2;13576;32;;1
...hl_dw3;13608;32;;0
.dw3;13608;32;;1
...hl_dw4;13640;32;;0
.dw4;13640;32;;1
...lnkdbug;13672;24;;0
.rrdnc;13672;4;;1
..rdirc;13676;4;;1
..rtlpcrcec;13680;4;;1
..nrtlpc;13684;4;;1
..lwcf;13688;2;;1
..scf;13690;2;;1
..ltf;13692;2;;1
...pciealc;13696;32;;0
.g3skposl;13696;9;;1
..acknakgh;13705;1;;1
..lpadllpgd;13706;1;;1
..clg3fe;13712;4;;1
..pdsp;13716;1;;1
..rtd3pdsp;13717;1;;1
..rrptlpc;13718;1;;1
..ssrrs;13719;1;;1
..ssrld;13720;1;;1
..blkdqdasd;13721;1;;1
..blkdqda;13722;1;;1
..blkpapc;13723;1;;1
..illrcld;13724;1;;1
..itlrcld;13725;1;;1
..dpchserm;13726;1;;1
..cssaif;13727;1;;1
...recdbug;13728;32;;0
.cree0;13728;4;;1
..cree1;13732;4;;1
..cree2;13736;4;;1
..cree3;13740;4;;1
..cree4;13744;4;;1
..cree5;13748;4;;1
..cree6;13752;4;;1
..cree7;13756;4;;1
...res;13760;16;;0
.cr;13760;1;;1
..mcr;13761;1;;1
..enr;13762;1;;1
..menr;13763;1;;1
..fuf;13764;1;;1
..nfemr;13765;1;;1
..femr;13766;1;;1
..aemn;13771;5;;1
...rppiosr;13776;24;;0
.curcs;13776;1;;1
..ccacs;13777;1;;1
..ccts;13778;1;;1
..iourcs;13784;1;;1
..iocacs;13785;1;;1
..iocts;13786;1;;1
..murcs;13792;1;;1
..mcacs;13793;1;;1
..mcts;13794;1;;1
...tlppl1;13800;32;;0
.dw1;13800;32;;1
...tlppl2;13832;32;;0
.dw2;13832;32;;1
...tlppl3;13864;32;;0
.dw3;13864;32;;1
...tlppl4;13896;32;;0
.dw4;13896;32;;1
...ues;13928;32;;0
.te;13928;1;;1
..dlpe;13932;1;;1
..sde;13933;1;;1
..pt;13940;1;;1
..fcpe;13941;1;;1
..ct;13942;1;;1
..ca;13943;1;;1
..uc;13944;1;;1
..ro;13945;1;;1
..mt;13946;1;;1
..ee;13947;1;;1
..ure;13948;1;;1
..avs;13949;1;;1
..uies;13950;1;;1
..mcbtlps;13951;1;;1
..aebs;13952;1;;1
..tlppbes;13953;1;;1
..ptlpebs;13954;1;;1
...pciests1;13960;32;;0
..pciests2;13992;32;;0
....port3.cfg.aecc;14024;16;;0
.fep;14024;5;;1
..egc;14029;1;;1
..ege;14030;1;;1
..ecc;14031;1;;1
..ece;14032;1;;1
..tlpplp;14035;1;;1
..ctphlc;14036;1;;1
...bwchgdbug;14040;32;;0
.lwcc;14040;8;;1
..lscc;14048;8;;1
..lwmc;14056;8;;1
..lsmc;14064;8;;1
...ces;14072;16;;0
.re;14072;1;;1
..bt;14078;1;;1
..bd;14079;1;;1
..rnr;14080;1;;1
..rtt;14084;1;;1
..anfes;14085;1;;1
..cies;14086;1;;1
..hlos;14087;1;;1
...dpcsr;14104;16;;0
.dpcts;14104;1;;1
..dpctr;14105;2;;1
..dpcis;14107;1;;1
..dpcrpb;14108;1;;1
..dpcte;14109;2;;1
..rppiofep;14112;5;;1
...esid;14120;32;;0
.ecsid;14120;16;;1
..efnfsid;14136;16;;1
...hl_dw1;14152;32;;0
.dw1;14152;32;;1
...hl_dw2;14184;32;;0
.dw2;14184;32;;1
...hl_dw3;14216;32;;0
.dw3;14216;32;;1
...hl_dw4;14248;32;;0
.dw4;14248;32;;1
...lnkdbug;14280;24;;0
.rrdnc;14280;4;;1
..rdirc;14284;4;;1
..rtlpcrcec;14288;4;;1
..nrtlpc;14292;4;;1
..lwcf;14296;2;;1
..scf;14298;2;;1
..ltf;14300;2;;1
...pciealc;14304;32;;0
.g3skposl;14304;9;;1
..acknakgh;14313;1;;1
..lpadllpgd;14314;1;;1
..clg3fe;14320;4;;1
..pdsp;14324;1;;1
..rtd3pdsp;14325;1;;1
..rrptlpc;14326;1;;1
..ssrrs;14327;1;;1
..ssrld;14328;1;;1
..blkdqdasd;14329;1;;1
..blkdqda;14330;1;;1
..blkpapc;14331;1;;1
..illrcld;14332;1;;1
..itlrcld;14333;1;;1
..dpchserm;14334;1;;1
..cssaif;14335;1;;1
...recdbug;14336;32;;0
.cree0;14336;4;;1
..cree1;14340;4;;1
..cree2;14344;4;;1
..cree3;14348;4;;1
..cree4;14352;4;;1
..cree5;14356;4;;1
..cree6;14360;4;;1
..cree7;14364;4;;1
...res;14368;16;;0
.cr;14368;1;;1
..mcr;14369;1;;1
..enr;14370;1;;1
..menr;14371;1;;1
..fuf;14372;1;;1
..nfemr;14373;1;;1
..femr;14374;1;;1
..aemn;14379;5;;1
...rppiosr;14384;24;;0
.curcs;14384;1;;1
..ccacs;14385;1;;1
..ccts;14386;1;;1
..iourcs;14392;1;;1
..iocacs;14393;1;;1
..iocts;14394;1;;1
..murcs;14400;1;;1
..mcacs;14401;1;;1
..mcts;14402;1;;1
...tlppl1;14408;32;;0
.dw1;14408;32;;1
...tlppl2;14440;32;;0
.dw2;14440;32;;1
...tlppl3;14472;32;;0
.dw3;14472;32;;1
...tlppl4;14504;32;;0
.dw4;14504;32;;1
...ues;14536;32;;0
.te;14536;1;;1
..dlpe;14540;1;;1
..sde;14541;1;;1
..pt;14548;1;;1
..fcpe;14549;1;;1
..ct;14550;1;;1
..ca;14551;1;;1
..uc;14552;1;;1
..ro;14553;1;;1
..mt;14554;1;;1
..ee;14555;1;;1
..ure;14556;1;;1
..avs;14557;1;;1
..uies;14558;1;;1
..mcbtlps;14559;1;;1
..aebs;14560;1;;1
..tlppbes;14561;1;;1
..ptlpebs;14562;1;;1
...pciests1;14568;32;;0
..pciests2;14600;32;;0
....completion_bit6;198;1;;0
...pcie5.port0.cfg.aecc;14632;16;;0
.fep;14632;5;;1
..egc;14637;1;;1
..ege;14638;1;;1
..ecc;14639;1;;1
..ece;14640;1;;1
..tlpplp;14643;1;;1
..ctphlc;14644;1;;1
...bwchgdbug;14648;32;;0
.lwcc;14648;8;;1
..lscc;14656;8;;1
..lwmc;14664;8;;1
..lsmc;14672;8;;1
...ces;14680;16;;0
.re;14680;1;;1
..bt;14686;1;;1
..bd;14687;1;;1
..rnr;14688;1;;1
..rtt;14692;1;;1
..anfes;14693;1;;1
..cies;14694;1;;1
..hlos;14695;1;;1
...dpcsr;14712;16;;0
.dpcts;14712;1;;1
..dpctr;14713;2;;1
..dpcis;14715;1;;1
..dpcrpb;14716;1;;1
..dpcte;14717;2;;1
..rppiofep;14720;5;;1
...esid;14728;32;;0
.ecsid;14728;16;;1
..efnfsid;14744;16;;1
...hl_dw1;14760;32;;0
.dw1;14760;32;;1
...hl_dw2;14792;32;;0
.dw2;14792;32;;1
...hl_dw3;14824;32;;0
.dw3;14824;32;;1
...hl_dw4;14856;32;;0
.dw4;14856;32;;1
...lnkdbug;14888;24;;0
.rrdnc;14888;4;;1
..rdirc;14892;4;;1
..rtlpcrcec;14896;4;;1
..nrtlpc;14900;4;;1
..lwcf;14904;2;;1
..scf;14906;2;;1
..ltf;14908;2;;1
...pciealc;14912;32;;0
.g3skposl;14912;9;;1
..acknakgh;14921;1;;1
..lpadllpgd;14922;1;;1
..clg3fe;14928;4;;1
..pdsp;14932;1;;1
..rtd3pdsp;14933;1;;1
..rrptlpc;14934;1;;1
..ssrrs;14935;1;;1
..ssrld;14936;1;;1
..blkdqdasd;14937;1;;1
..blkdqda;14938;1;;1
..blkpapc;14939;1;;1
..illrcld;14940;1;;1
..itlrcld;14941;1;;1
..dpchserm;14942;1;;1
..cssaif;14943;1;;1
...recdbug;14944;32;;0
.cree0;14944;4;;1
..cree1;14948;4;;1
..cree2;14952;4;;1
..cree3;14956;4;;1
..cree4;14960;4;;1
..cree5;14964;4;;1
..cree6;14968;4;;1
..cree7;14972;4;;1
...res;14976;16;;0
.cr;14976;1;;1
..mcr;14977;1;;1
..enr;14978;1;;1
..menr;14979;1;;1
..fuf;14980;1;;1
..nfemr;14981;1;;1
..femr;14982;1;;1
..aemn;14987;5;;1
...rppiosr;14992;24;;0
.curcs;14992;1;;1
..ccacs;14993;1;;1
..ccts;14994;1;;1
..iourcs;15000;1;;1
..iocacs;15001;1;;1
..iocts;15002;1;;1
..murcs;15008;1;;1
..mcacs;15009;1;;1
..mcts;15010;1;;1
...tlppl1;15016;32;;0
.dw1;15016;32;;1
...tlppl2;15048;32;;0
.dw2;15048;32;;1
...tlppl3;15080;32;;0
.dw3;15080;32;;1
...tlppl4;15112;32;;0
.dw4;15112;32;;1
...ues;15144;32;;0
.te;15144;1;;1
..dlpe;15148;1;;1
..sde;15149;1;;1
..pt;15156;1;;1
..fcpe;15157;1;;1
..ct;15158;1;;1
..ca;15159;1;;1
..uc;15160;1;;1
..ro;15161;1;;1
..mt;15162;1;;1
..ee;15163;1;;1
..ure;15164;1;;1
..avs;15165;1;;1
..uies;15166;1;;1
..mcbtlps;15167;1;;1
..aebs;15168;1;;1
..tlppbes;15169;1;;1
..ptlpebs;15170;1;;1
...pciests1;15176;32;;0
..pciests2;15208;32;;0
....port1.cfg.aecc;15240;16;;0
.fep;15240;5;;1
..egc;15245;1;;1
..ege;15246;1;;1
..ecc;15247;1;;1
..ece;15248;1;;1
..tlpplp;15251;1;;1
..ctphlc;15252;1;;1
...bwchgdbug;15256;32;;0
.lwcc;15256;8;;1
..lscc;15264;8;;1
..lwmc;15272;8;;1
..lsmc;15280;8;;1
...ces;15288;16;;0
.re;15288;1;;1
..bt;15294;1;;1
..bd;15295;1;;1
..rnr;15296;1;;1
..rtt;15300;1;;1
..anfes;15301;1;;1
..cies;15302;1;;1
..hlos;15303;1;;1
...dpcsr;15320;16;;0
.dpcts;15320;1;;1
..dpctr;15321;2;;1
..dpcis;15323;1;;1
..dpcrpb;15324;1;;1
..dpcte;15325;2;;1
..rppiofep;15328;5;;1
...esid;15336;32;;0
.ecsid;15336;16;;1
..efnfsid;15352;16;;1
...hl_dw1;15368;32;;0
.dw1;15368;32;;1
...hl_dw2;15400;32;;0
.dw2;15400;32;;1
...hl_dw3;15432;32;;0
.dw3;15432;32;;1
...hl_dw4;15464;32;;0
.dw4;15464;32;;1
...lnkdbug;15496;24;;0
.rrdnc;15496;4;;1
..rdirc;15500;4;;1
..rtlpcrcec;15504;4;;1
..nrtlpc;15508;4;;1
..lwcf;15512;2;;1
..scf;15514;2;;1
..ltf;15516;2;;1
...pciealc;15520;32;;0
.g3skposl;15520;9;;1
..acknakgh;15529;1;;1
..lpadllpgd;15530;1;;1
..clg3fe;15536;4;;1
..pdsp;15540;1;;1
..rtd3pdsp;15541;1;;1
..rrptlpc;15542;1;;1
..ssrrs;15543;1;;1
..ssrld;15544;1;;1
..blkdqdasd;15545;1;;1
..blkdqda;15546;1;;1
..blkpapc;15547;1;;1
..illrcld;15548;1;;1
..itlrcld;15549;1;;1
..dpchserm;15550;1;;1
..cssaif;15551;1;;1
...recdbug;15552;32;;0
.cree0;15552;4;;1
..cree1;15556;4;;1
..cree2;15560;4;;1
..cree3;15564;4;;1
..cree4;15568;4;;1
..cree5;15572;4;;1
..cree6;15576;4;;1
..cree7;15580;4;;1
...res;15584;16;;0
.cr;15584;1;;1
..mcr;15585;1;;1
..enr;15586;1;;1
..menr;15587;1;;1
..fuf;15588;1;;1
..nfemr;15589;1;;1
..femr;15590;1;;1
..aemn;15595;5;;1
...rppiosr;15600;24;;0
.curcs;15600;1;;1
..ccacs;15601;1;;1
..ccts;15602;1;;1
..iourcs;15608;1;;1
..iocacs;15609;1;;1
..iocts;15610;1;;1
..murcs;15616;1;;1
..mcacs;15617;1;;1
..mcts;15618;1;;1
...tlppl1;15624;32;;0
.dw1;15624;32;;1
...tlppl2;15656;32;;0
.dw2;15656;32;;1
...tlppl3;15688;32;;0
.dw3;15688;32;;1
...tlppl4;15720;32;;0
.dw4;15720;32;;1
...ues;15752;32;;0
.te;15752;1;;1
..dlpe;15756;1;;1
..sde;15757;1;;1
..pt;15764;1;;1
..fcpe;15765;1;;1
..ct;15766;1;;1
..ca;15767;1;;1
..uc;15768;1;;1
..ro;15769;1;;1
..mt;15770;1;;1
..ee;15771;1;;1
..ure;15772;1;;1
..avs;15773;1;;1
..uies;15774;1;;1
..mcbtlps;15775;1;;1
..aebs;15776;1;;1
..tlppbes;15777;1;;1
..ptlpebs;15778;1;;1
...pciests1;15784;32;;0
..pciests2;15816;32;;0
....port2.cfg.aecc;15848;16;;0
.fep;15848;5;;1
..egc;15853;1;;1
..ege;15854;1;;1
..ecc;15855;1;;1
..ece;15856;1;;1
..tlpplp;15859;1;;1
..ctphlc;15860;1;;1
...bwchgdbug;15864;32;;0
.lwcc;15864;8;;1
..lscc;15872;8;;1
..lwmc;15880;8;;1
..lsmc;15888;8;;1
...ces;15896;16;;0
.re;15896;1;;1
..bt;15902;1;;1
..bd;15903;1;;1
..rnr;15904;1;;1
..rtt;15908;1;;1
..anfes;15909;1;;1
..cies;15910;1;;1
..hlos;15911;1;;1
...dpcsr;15928;16;;0
.dpcts;15928;1;;1
..dpctr;15929;2;;1
..dpcis;15931;1;;1
..dpcrpb;15932;1;;1
..dpcte;15933;2;;1
..rppiofep;15936;5;;1
...esid;15944;32;;0
.ecsid;15944;16;;1
..efnfsid;15960;16;;1
...hl_dw1;15976;32;;0
.dw1;15976;32;;1
...hl_dw2;16008;32;;0
.dw2;16008;32;;1
...hl_dw3;16040;32;;0
.dw3;16040;32;;1
...hl_dw4;16072;32;;0
.dw4;16072;32;;1
...lnkdbug;16104;24;;0
.rrdnc;16104;4;;1
..rdirc;16108;4;;1
..rtlpcrcec;16112;4;;1
..nrtlpc;16116;4;;1
..lwcf;16120;2;;1
..scf;16122;2;;1
..ltf;16124;2;;1
...pciealc;16128;32;;0
.g3skposl;16128;9;;1
..acknakgh;16137;1;;1
..lpadllpgd;16138;1;;1
..clg3fe;16144;4;;1
..pdsp;16148;1;;1
..rtd3pdsp;16149;1;;1
..rrptlpc;16150;1;;1
..ssrrs;16151;1;;1
..ssrld;16152;1;;1
..blkdqdasd;16153;1;;1
..blkdqda;16154;1;;1
..blkpapc;16155;1;;1
..illrcld;16156;1;;1
..itlrcld;16157;1;;1
..dpchserm;16158;1;;1
..cssaif;16159;1;;1
...recdbug;16160;32;;0
.cree0;16160;4;;1
..cree1;16164;4;;1
..cree2;16168;4;;1
..cree3;16172;4;;1
..cree4;16176;4;;1
..cree5;16180;4;;1
..cree6;16184;4;;1
..cree7;16188;4;;1
...res;16192;16;;0
.cr;16192;1;;1
..mcr;16193;1;;1
..enr;16194;1;;1
..menr;16195;1;;1
..fuf;16196;1;;1
..nfemr;16197;1;;1
..femr;16198;1;;1
..aemn;16203;5;;1
...rppiosr;16208;24;;0
.curcs;16208;1;;1
..ccacs;16209;1;;1
..ccts;16210;1;;1
..iourcs;16216;1;;1
..iocacs;16217;1;;1
..iocts;16218;1;;1
..murcs;16224;1;;1
..mcacs;16225;1;;1
..mcts;16226;1;;1
...tlppl1;16232;32;;0
.dw1;16232;32;;1
...tlppl2;16264;32;;0
.dw2;16264;32;;1
...tlppl3;16296;32;;0
.dw3;16296;32;;1
...tlppl4;16328;32;;0
.dw4;16328;32;;1
...ues;16360;32;;0
.te;16360;1;;1
..dlpe;16364;1;;1
..sde;16365;1;;1
..pt;16372;1;;1
..fcpe;16373;1;;1
..ct;16374;1;;1
..ca;16375;1;;1
..uc;16376;1;;1
..ro;16377;1;;1
..mt;16378;1;;1
..ee;16379;1;;1
..ure;16380;1;;1
..avs;16381;1;;1
..uies;16382;1;;1
..mcbtlps;16383;1;;1
..aebs;16384;1;;1
..tlppbes;16385;1;;1
..ptlpebs;16386;1;;1
...pciests1;16392;32;;0
..pciests2;16424;32;;0
....port3.cfg.aecc;16456;16;;0
.fep;16456;5;;1
..egc;16461;1;;1
..ege;16462;1;;1
..ecc;16463;1;;1
..ece;16464;1;;1
..tlpplp;16467;1;;1
..ctphlc;16468;1;;1
...bwchgdbug;16472;32;;0
.lwcc;16472;8;;1
..lscc;16480;8;;1
..lwmc;16488;8;;1
..lsmc;16496;8;;1
...ces;16504;16;;0
.re;16504;1;;1
..bt;16510;1;;1
..bd;16511;1;;1
..rnr;16512;1;;1
..rtt;16516;1;;1
..anfes;16517;1;;1
..cies;16518;1;;1
..hlos;16519;1;;1
...dpcsr;16536;16;;0
.dpcts;16536;1;;1
..dpctr;16537;2;;1
..dpcis;16539;1;;1
..dpcrpb;16540;1;;1
..dpcte;16541;2;;1
..rppiofep;16544;5;;1
...esid;16552;32;;0
.ecsid;16552;16;;1
..efnfsid;16568;16;;1
...hl_dw1;16584;32;;0
.dw1;16584;32;;1
...hl_dw2;16616;32;;0
.dw2;16616;32;;1
...hl_dw3;16648;32;;0
.dw3;16648;32;;1
...hl_dw4;16680;32;;0
.dw4;16680;32;;1
...lnkdbug;16712;24;;0
.rrdnc;16712;4;;1
..rdirc;16716;4;;1
..rtlpcrcec;16720;4;;1
..nrtlpc;16724;4;;1
..lwcf;16728;2;;1
..scf;16730;2;;1
..ltf;16732;2;;1
...pciealc;16736;32;;0
.g3skposl;16736;9;;1
..acknakgh;16745;1;;1
..lpadllpgd;16746;1;;1
..clg3fe;16752;4;;1
..pdsp;16756;1;;1
..rtd3pdsp;16757;1;;1
..rrptlpc;16758;1;;1
..ssrrs;16759;1;;1
..ssrld;16760;1;;1
..blkdqdasd;16761;1;;1
..blkdqda;16762;1;;1
..blkpapc;16763;1;;1
..illrcld;16764;1;;1
..itlrcld;16765;1;;1
..dpchserm;16766;1;;1
..cssaif;16767;1;;1
...recdbug;16768;32;;0
.cree0;16768;4;;1
..cree1;16772;4;;1
..cree2;16776;4;;1
..cree3;16780;4;;1
..cree4;16784;4;;1
..cree5;16788;4;;1
..cree6;16792;4;;1
..cree7;16796;4;;1
...res;16800;16;;0
.cr;16800;1;;1
..mcr;16801;1;;1
..enr;16802;1;;1
..menr;16803;1;;1
..fuf;16804;1;;1
..nfemr;16805;1;;1
..femr;16806;1;;1
..aemn;16811;5;;1
...rppiosr;16816;24;;0
.curcs;16816;1;;1
..ccacs;16817;1;;1
..ccts;16818;1;;1
..iourcs;16824;1;;1
..iocacs;16825;1;;1
..iocts;16826;1;;1
..murcs;16832;1;;1
..mcacs;16833;1;;1
..mcts;16834;1;;1
...tlppl1;16840;32;;0
.dw1;16840;32;;1
...tlppl2;16872;32;;0
.dw2;16872;32;;1
...tlppl3;16904;32;;0
.dw3;16904;32;;1
...tlppl4;16936;32;;0
.dw4;16936;32;;1
...ues;16968;32;;0
.te;16968;1;;1
..dlpe;16972;1;;1
..sde;16973;1;;1
..pt;16980;1;;1
..fcpe;16981;1;;1
..ct;16982;1;;1
..ca;16983;1;;1
..uc;16984;1;;1
..ro;16985;1;;1
..mt;16986;1;;1
..ee;16987;1;;1
..ure;16988;1;;1
..avs;16989;1;;1
..uies;16990;1;;1
..mcbtlps;16991;1;;1
..aebs;16992;1;;1
..tlppbes;16993;1;;1
..ptlpebs;16994;1;;1
...pciests1;17000;32;;0
..pciests2;17032;32;;0
....completion_bit7;199;1;;0
...pcie6.port0.cfg.aecc;17064;16;;0
.fep;17064;5;;1
..egc;17069;1;;1
..ege;17070;1;;1
..ecc;17071;1;;1
..ece;17072;1;;1
..tlpplp;17075;1;;1
..ctphlc;17076;1;;1
...bwchgdbug;17080;32;;0
.lwcc;17080;8;;1
..lscc;17088;8;;1
..lwmc;17096;8;;1
..lsmc;17104;8;;1
...ces;17112;16;;0
.re;17112;1;;1
..bt;17118;1;;1
..bd;17119;1;;1
..rnr;17120;1;;1
..rtt;17124;1;;1
..anfes;17125;1;;1
..cies;17126;1;;1
..hlos;17127;1;;1
...dpcsr;17144;16;;0
.dpcts;17144;1;;1
..dpctr;17145;2;;1
..dpcis;17147;1;;1
..dpcrpb;17148;1;;1
..dpcte;17149;2;;1
..rppiofep;17152;5;;1
...esid;17160;32;;0
.ecsid;17160;16;;1
..efnfsid;17176;16;;1
...hl_dw1;17192;32;;0
.dw1;17192;32;;1
...hl_dw2;17224;32;;0
.dw2;17224;32;;1
...hl_dw3;17256;32;;0
.dw3;17256;32;;1
...hl_dw4;17288;32;;0
.dw4;17288;32;;1
...lnkdbug;17320;24;;0
.rrdnc;17320;4;;1
..rdirc;17324;4;;1
..rtlpcrcec;17328;4;;1
..nrtlpc;17332;4;;1
..lwcf;17336;2;;1
..scf;17338;2;;1
..ltf;17340;2;;1
...pciealc;17344;32;;0
.g3skposl;17344;9;;1
..acknakgh;17353;1;;1
..lpadllpgd;17354;1;;1
..clg3fe;17360;4;;1
..pdsp;17364;1;;1
..rtd3pdsp;17365;1;;1
..rrptlpc;17366;1;;1
..ssrrs;17367;1;;1
..ssrld;17368;1;;1
..blkdqdasd;17369;1;;1
..blkdqda;17370;1;;1
..blkpapc;17371;1;;1
..illrcld;17372;1;;1
..itlrcld;17373;1;;1
..dpchserm;17374;1;;1
..cssaif;17375;1;;1
...recdbug;17376;32;;0
.cree0;17376;4;;1
..cree1;17380;4;;1
..cree2;17384;4;;1
..cree3;17388;4;;1
..cree4;17392;4;;1
..cree5;17396;4;;1
..cree6;17400;4;;1
..cree7;17404;4;;1
...res;17408;16;;0
.cr;17408;1;;1
..mcr;17409;1;;1
..enr;17410;1;;1
..menr;17411;1;;1
..fuf;17412;1;;1
..nfemr;17413;1;;1
..femr;17414;1;;1
..aemn;17419;5;;1
...rppiosr;17424;24;;0
.curcs;17424;1;;1
..ccacs;17425;1;;1
..ccts;17426;1;;1
..iourcs;17432;1;;1
..iocacs;17433;1;;1
..iocts;17434;1;;1
..murcs;17440;1;;1
..mcacs;17441;1;;1
..mcts;17442;1;;1
...tlppl1;17448;32;;0
.dw1;17448;32;;1
...tlppl2;17480;32;;0
.dw2;17480;32;;1
...tlppl3;17512;32;;0
.dw3;17512;32;;1
...tlppl4;17544;32;;0
.dw4;17544;32;;1
...ues;17576;32;;0
.te;17576;1;;1
..dlpe;17580;1;;1
..sde;17581;1;;1
..pt;17588;1;;1
..fcpe;17589;1;;1
..ct;17590;1;;1
..ca;17591;1;;1
..uc;17592;1;;1
..ro;17593;1;;1
..mt;17594;1;;1
..ee;17595;1;;1
..ure;17596;1;;1
..avs;17597;1;;1
..uies;17598;1;;1
..mcbtlps;17599;1;;1
..aebs;17600;1;;1
..tlppbes;17601;1;;1
..ptlpebs;17602;1;;1
...pciests1;17608;32;;0
..pciests2;17640;32;;0
....port1.cfg.aecc;17672;16;;0
.fep;17672;5;;1
..egc;17677;1;;1
..ege;17678;1;;1
..ecc;17679;1;;1
..ece;17680;1;;1
..tlpplp;17683;1;;1
..ctphlc;17684;1;;1
...bwchgdbug;17688;32;;0
.lwcc;17688;8;;1
..lscc;17696;8;;1
..lwmc;17704;8;;1
..lsmc;17712;8;;1
...ces;17720;16;;0
.re;17720;1;;1
..bt;17726;1;;1
..bd;17727;1;;1
..rnr;17728;1;;1
..rtt;17732;1;;1
..anfes;17733;1;;1
..cies;17734;1;;1
..hlos;17735;1;;1
...dpcsr;17752;16;;0
.dpcts;17752;1;;1
..dpctr;17753;2;;1
..dpcis;17755;1;;1
..dpcrpb;17756;1;;1
..dpcte;17757;2;;1
..rppiofep;17760;5;;1
...esid;17768;32;;0
.ecsid;17768;16;;1
..efnfsid;17784;16;;1
...hl_dw1;17800;32;;0
.dw1;17800;32;;1
...hl_dw2;17832;32;;0
.dw2;17832;32;;1
...hl_dw3;17864;32;;0
.dw3;17864;32;;1
...hl_dw4;17896;32;;0
.dw4;17896;32;;1
...lnkdbug;17928;24;;0
.rrdnc;17928;4;;1
..rdirc;17932;4;;1
..rtlpcrcec;17936;4;;1
..nrtlpc;17940;4;;1
..lwcf;17944;2;;1
..scf;17946;2;;1
..ltf;17948;2;;1
...pciealc;17952;32;;0
.g3skposl;17952;9;;1
..acknakgh;17961;1;;1
..lpadllpgd;17962;1;;1
..clg3fe;17968;4;;1
..pdsp;17972;1;;1
..rtd3pdsp;17973;1;;1
..rrptlpc;17974;1;;1
..ssrrs;17975;1;;1
..ssrld;17976;1;;1
..blkdqdasd;17977;1;;1
..blkdqda;17978;1;;1
..blkpapc;17979;1;;1
..illrcld;17980;1;;1
..itlrcld;17981;1;;1
..dpchserm;17982;1;;1
..cssaif;17983;1;;1
...recdbug;17984;32;;0
.cree0;17984;4;;1
..cree1;17988;4;;1
..cree2;17992;4;;1
..cree3;17996;4;;1
..cree4;18000;4;;1
..cree5;18004;4;;1
..cree6;18008;4;;1
..cree7;18012;4;;1
...res;18016;16;;0
.cr;18016;1;;1
..mcr;18017;1;;1
..enr;18018;1;;1
..menr;18019;1;;1
..fuf;18020;1;;1
..nfemr;18021;1;;1
..femr;18022;1;;1
..aemn;18027;5;;1
...rppiosr;18032;24;;0
.curcs;18032;1;;1
..ccacs;18033;1;;1
..ccts;18034;1;;1
..iourcs;18040;1;;1
..iocacs;18041;1;;1
..iocts;18042;1;;1
..murcs;18048;1;;1
..mcacs;18049;1;;1
..mcts;18050;1;;1
...tlppl1;18056;32;;0
.dw1;18056;32;;1
...tlppl2;18088;32;;0
.dw2;18088;32;;1
...tlppl3;18120;32;;0
.dw3;18120;32;;1
...tlppl4;18152;32;;0
.dw4;18152;32;;1
...ues;18184;32;;0
.te;18184;1;;1
..dlpe;18188;1;;1
..sde;18189;1;;1
..pt;18196;1;;1
..fcpe;18197;1;;1
..ct;18198;1;;1
..ca;18199;1;;1
..uc;18200;1;;1
..ro;18201;1;;1
..mt;18202;1;;1
..ee;18203;1;;1
..ure;18204;1;;1
..avs;18205;1;;1
..uies;18206;1;;1
..mcbtlps;18207;1;;1
..aebs;18208;1;;1
..tlppbes;18209;1;;1
..ptlpebs;18210;1;;1
...pciests1;18216;32;;0
..pciests2;18248;32;;0
....port2.cfg.aecc;18280;16;;0
.fep;18280;5;;1
..egc;18285;1;;1
..ege;18286;1;;1
..ecc;18287;1;;1
..ece;18288;1;;1
..tlpplp;18291;1;;1
..ctphlc;18292;1;;1
...bwchgdbug;18296;32;;0
.lwcc;18296;8;;1
..lscc;18304;8;;1
..lwmc;18312;8;;1
..lsmc;18320;8;;1
...ces;18328;16;;0
.re;18328;1;;1
..bt;18334;1;;1
..bd;18335;1;;1
..rnr;18336;1;;1
..rtt;18340;1;;1
..anfes;18341;1;;1
..cies;18342;1;;1
..hlos;18343;1;;1
...dpcsr;18360;16;;0
.dpcts;18360;1;;1
..dpctr;18361;2;;1
..dpcis;18363;1;;1
..dpcrpb;18364;1;;1
..dpcte;18365;2;;1
..rppiofep;18368;5;;1
...esid;18376;32;;0
.ecsid;18376;16;;1
..efnfsid;18392;16;;1
...hl_dw1;18408;32;;0
.dw1;18408;32;;1
...hl_dw2;18440;32;;0
.dw2;18440;32;;1
...hl_dw3;18472;32;;0
.dw3;18472;32;;1
...hl_dw4;18504;32;;0
.dw4;18504;32;;1
...lnkdbug;18536;24;;0
.rrdnc;18536;4;;1
..rdirc;18540;4;;1
..rtlpcrcec;18544;4;;1
..nrtlpc;18548;4;;1
..lwcf;18552;2;;1
..scf;18554;2;;1
..ltf;18556;2;;1
...pciealc;18560;32;;0
.g3skposl;18560;9;;1
..acknakgh;18569;1;;1
..lpadllpgd;18570;1;;1
..clg3fe;18576;4;;1
..pdsp;18580;1;;1
..rtd3pdsp;18581;1;;1
..rrptlpc;18582;1;;1
..ssrrs;18583;1;;1
..ssrld;18584;1;;1
..blkdqdasd;18585;1;;1
..blkdqda;18586;1;;1
..blkpapc;18587;1;;1
..illrcld;18588;1;;1
..itlrcld;18589;1;;1
..dpchserm;18590;1;;1
..cssaif;18591;1;;1
...recdbug;18592;32;;0
.cree0;18592;4;;1
..cree1;18596;4;;1
..cree2;18600;4;;1
..cree3;18604;4;;1
..cree4;18608;4;;1
..cree5;18612;4;;1
..cree6;18616;4;;1
..cree7;18620;4;;1
...res;18624;16;;0
.cr;18624;1;;1
..mcr;18625;1;;1
..enr;18626;1;;1
..menr;18627;1;;1
..fuf;18628;1;;1
..nfemr;18629;1;;1
..femr;18630;1;;1
..aemn;18635;5;;1
...rppiosr;18640;24;;0
.curcs;18640;1;;1
..ccacs;18641;1;;1
..ccts;18642;1;;1
..iourcs;18648;1;;1
..iocacs;18649;1;;1
..iocts;18650;1;;1
..murcs;18656;1;;1
..mcacs;18657;1;;1
..mcts;18658;1;;1
...tlppl1;18664;32;;0
.dw1;18664;32;;1
...tlppl2;18696;32;;0
.dw2;18696;32;;1
...tlppl3;18728;32;;0
.dw3;18728;32;;1
...tlppl4;18760;32;;0
.dw4;18760;32;;1
...ues;18792;32;;0
.te;18792;1;;1
..dlpe;18796;1;;1
..sde;18797;1;;1
..pt;18804;1;;1
..fcpe;18805;1;;1
..ct;18806;1;;1
..ca;18807;1;;1
..uc;18808;1;;1
..ro;18809;1;;1
..mt;18810;1;;1
..ee;18811;1;;1
..ure;18812;1;;1
..avs;18813;1;;1
..uies;18814;1;;1
..mcbtlps;18815;1;;1
..aebs;18816;1;;1
..tlppbes;18817;1;;1
..ptlpebs;18818;1;;1
...pciests1;18824;32;;0
..pciests2;18856;32;;0
....port3.cfg.aecc;18888;16;;0
.fep;18888;5;;1
..egc;18893;1;;1
..ege;18894;1;;1
..ecc;18895;1;;1
..ece;18896;1;;1
..tlpplp;18899;1;;1
..ctphlc;18900;1;;1
...bwchgdbug;18904;32;;0
.lwcc;18904;8;;1
..lscc;18912;8;;1
..lwmc;18920;8;;1
..lsmc;18928;8;;1
...ces;18936;16;;0
.re;18936;1;;1
..bt;18942;1;;1
..bd;18943;1;;1
..rnr;18944;1;;1
..rtt;18948;1;;1
..anfes;18949;1;;1
..cies;18950;1;;1
..hlos;18951;1;;1
...dpcsr;18968;16;;0
.dpcts;18968;1;;1
..dpctr;18969;2;;1
..dpcis;18971;1;;1
..dpcrpb;18972;1;;1
..dpcte;18973;2;;1
..rppiofep;18976;5;;1
...esid;18984;32;;0
.ecsid;18984;16;;1
..efnfsid;19000;16;;1
...hl_dw1;19016;32;;0
.dw1;19016;32;;1
...hl_dw2;19048;32;;0
.dw2;19048;32;;1
...hl_dw3;19080;32;;0
.dw3;19080;32;;1
...hl_dw4;19112;32;;0
.dw4;19112;32;;1
...lnkdbug;19144;24;;0
.rrdnc;19144;4;;1
..rdirc;19148;4;;1
..rtlpcrcec;19152;4;;1
..nrtlpc;19156;4;;1
..lwcf;19160;2;;1
..scf;19162;2;;1
..ltf;19164;2;;1
...pciealc;19168;32;;0
.g3skposl;19168;9;;1
..acknakgh;19177;1;;1
..lpadllpgd;19178;1;;1
..clg3fe;19184;4;;1
..pdsp;19188;1;;1
..rtd3pdsp;19189;1;;1
..rrptlpc;19190;1;;1
..ssrrs;19191;1;;1
..ssrld;19192;1;;1
..blkdqdasd;19193;1;;1
..blkdqda;19194;1;;1
..blkpapc;19195;1;;1
..illrcld;19196;1;;1
..itlrcld;19197;1;;1
..dpchserm;19198;1;;1
..cssaif;19199;1;;1
...recdbug;19200;32;;0
.cree0;19200;4;;1
..cree1;19204;4;;1
..cree2;19208;4;;1
..cree3;19212;4;;1
..cree4;19216;4;;1
..cree5;19220;4;;1
..cree6;19224;4;;1
..cree7;19228;4;;1
...res;19232;16;;0
.cr;19232;1;;1
..mcr;19233;1;;1
..enr;19234;1;;1
..menr;19235;1;;1
..fuf;19236;1;;1
..nfemr;19237;1;;1
..femr;19238;1;;1
..aemn;19243;5;;1
...rppiosr;19248;24;;0
.curcs;19248;1;;1
..ccacs;19249;1;;1
..ccts;19250;1;;1
..iourcs;19256;1;;1
..iocacs;19257;1;;1
..iocts;19258;1;;1
..murcs;19264;1;;1
..mcacs;19265;1;;1
..mcts;19266;1;;1
...tlppl1;19272;32;;0
.dw1;19272;32;;1
...tlppl2;19304;32;;0
.dw2;19304;32;;1
...tlppl3;19336;32;;0
.dw3;19336;32;;1
...tlppl4;19368;32;;0
.dw4;19368;32;;1
...ues;19400;32;;0
.te;19400;1;;1
..dlpe;19404;1;;1
..sde;19405;1;;1
..pt;19412;1;;1
..fcpe;19413;1;;1
..ct;19414;1;;1
..ca;19415;1;;1
..uc;19416;1;;1
..ro;19417;1;;1
..mt;19418;1;;1
..ee;19419;1;;1
..ure;19420;1;;1
..avs;19421;1;;1
..uies;19422;1;;1
..mcbtlps;19423;1;;1
..aebs;19424;1;;1
..tlppbes;19425;1;;1
..ptlpebs;19426;1;;1
...pciests1;19432;32;;0
..pciests2;19464;32;;0
....completion_bit8;200;1;;0
...checksum;20032;32;;0
